classifier,strategy,budget_pct,run,n_labeled,accuracy,f1_score,avg_query_time,avg_train_time
Neural Network,Random Sampling,0.2,0,1311,0.5286585365853659,0.1820006099244826,0.0005404154459635416,2.0465989907582602
Neural Network,Random Sampling,0.2,1,1311,0.5439024390243903,0.18621434536297798,0.00048271814982096356,0.7287752628326416
Neural Network,Random Sampling,0.2,2,1311,0.5323170731707317,0.17111722203382157,0.0004893938700358073,0.7029047012329102
Neural Network,Random Sampling,0.2,3,1311,0.5310975609756098,0.16524610992718713,0.000499725341796875,0.7829893430074056
Neural Network,Random Sampling,0.2,4,1311,0.5237804878048781,0.17574697331972308,0.0004736582438151042,0.7059342861175537
Neural Network,Random Sampling,0.4,0,2623,0.5329268292682927,0.1812299465632223,0.0005124409993489584,1.0091866254806519
Neural Network,Random Sampling,0.4,1,2623,0.5396341463414634,0.1780857278428551,0.0008443196614583334,1.3752094904581706
Neural Network,Random Sampling,0.4,2,2623,0.5402439024390244,0.18915685466031384,0.000931700070699056,1.0424826939900715
Neural Network,Random Sampling,0.4,3,2623,0.5378048780487805,0.1785999349822783,0.0004883607228597006,0.9510573546091715
Neural Network,Random Sampling,0.4,4,2623,0.5341463414634147,0.16653717483693678,0.0004562536875406901,0.9406164884567261
Neural Network,Random Sampling,0.6,0,3935,0.5390243902439025,0.17584519568460003,0.00046762824058532715,1.1402490735054016
Neural Network,Random Sampling,0.6,1,3935,0.5378048780487805,0.17263337184729918,0.0004487335681915283,1.121464729309082
Neural Network,Random Sampling,0.6,2,3935,0.5384146341463415,0.17043432853927928,0.0005568265914916992,1.1669743955135345
Neural Network,Random Sampling,0.6,3,3935,0.5402439024390244,0.18261926182454688,0.00046771764755249023,1.0701598823070526
Neural Network,Random Sampling,0.6,4,3935,0.5426829268292683,0.18418891422780925,0.00044789910316467285,1.0672121047973633
Neural Network,Random Sampling,0.8,0,5247,0.551219512195122,0.18337354020095611,0.0005313049663196911,1.4101964343677869
Neural Network,Random Sampling,0.8,1,5247,0.5481707317073171,0.1862685608549125,0.0004155419089577415,1.417856216430664
Neural Network,Random Sampling,0.8,2,5247,0.5365853658536586,0.16038118440852728,0.00038333372636274856,1.4201430840925737
Neural Network,Random Sampling,0.8,3,5247,0.5451219512195122,0.18739958342315088,0.00040607018904252487,1.4136596159501509
Neural Network,Random Sampling,0.8,4,5247,0.5347560975609756,0.16569012963182148,0.00044504078951748937,1.2688104022632947
Neural Network,Random Sampling,1.0,0,6559,0.5390243902439025,0.1738861196873042,0.00034821950472318207,1.4479273282564604
Neural Network,Random Sampling,1.0,1,6559,0.5493902439024391,0.18265865164221562,0.00044470566969651444,1.5430387900425837
Neural Network,Random Sampling,1.0,2,6559,0.5445121951219513,0.1859744928074788,0.00039170338557316706,1.603906851548415
Neural Network,Random Sampling,1.0,3,6559,0.5463414634146342,0.18311694967333456,0.0003357483790471004,1.6824218860039344
Neural Network,Random Sampling,1.0,4,6559,0.5475609756097561,0.18154343059084926,0.00038135968721829925,1.6766464526836689
Neural Network,Entropy Sampling,0.2,0,1311,0.48597560975609755,0.18441536693829644,0.017435153325398762,0.6346350510915121
Neural Network,Entropy Sampling,0.2,1,1311,0.5042682926829268,0.1736458206849774,0.017170270284016926,0.6467977364857992
Neural Network,Entropy Sampling,0.2,2,1311,0.5152439024390244,0.16426081749560179,0.01859251658121745,0.6729077498118082
Neural Network,Entropy Sampling,0.2,3,1311,0.4524390243902439,0.16511520200861776,0.01644110679626465,0.6360700925191244
Neural Network,Entropy Sampling,0.2,4,1311,0.4902439024390244,0.18096890944412136,0.016242345174153645,0.6385633945465088
Neural Network,Entropy Sampling,0.4,0,2623,0.5335365853658537,0.17013399700339604,0.015042742093404135,0.8900543053944906
Neural Network,Entropy Sampling,0.4,1,2623,0.5158536585365854,0.17099904441458358,0.014758825302124023,0.8754111925760905
Neural Network,Entropy Sampling,0.4,2,2623,0.5487804878048781,0.19209468170356242,0.01587378978729248,0.848227063814799
Neural Network,Entropy Sampling,0.4,3,2623,0.5134146341463415,0.1474712139044638,0.015145301818847656,0.8649434248606364
Neural Network,Entropy Sampling,0.4,4,2623,0.5365853658536586,0.19251568927525495,0.015834768613179524,0.9099711577097574
Neural Network,Entropy Sampling,0.6,0,3935,0.5432926829268293,0.19198278413149655,0.013534873723983765,1.0556939840316772
Neural Network,Entropy Sampling,0.6,1,3935,0.5426829268292683,0.18651059437616935,0.013454288244247437,1.0941093564033508
Neural Network,Entropy Sampling,0.6,2,3935,0.5463414634146342,0.1963005065208946,0.01333552598953247,1.1133426129817963
Neural Network,Entropy Sampling,0.6,3,3935,0.5548780487804879,0.1981218010859226,0.0130978524684906,1.0716719329357147
Neural Network,Entropy Sampling,0.6,4,3935,0.5451219512195122,0.18070248217714704,0.01287117600440979,1.0551078915596008
Neural Network,Entropy Sampling,0.8,0,5247,0.5469512195121952,0.18397886805056204,0.011266600001942028,1.2925026416778564
Neural Network,Entropy Sampling,0.8,1,5247,0.5445121951219513,0.18840516896985154,0.011601274663751776,1.3778325861150569
Neural Network,Entropy Sampling,0.8,2,5247,0.552439024390244,0.18840422061689827,0.011633092706853693,1.2828840125690808
Neural Network,Entropy Sampling,0.8,3,5247,0.5475609756097561,0.19020734273605946,0.010689692063765093,1.2656146829778498
Neural Network,Entropy Sampling,0.8,4,5247,0.5408536585365854,0.18623481783169493,0.012754505330866034,1.3483625975522129
Neural Network,Entropy Sampling,1.0,0,6559,0.5439024390243903,0.18153934692535023,0.010012975105872521,1.5863302120795617
Neural Network,Entropy Sampling,1.0,1,6559,0.5384146341463415,0.1788298086557429,0.00942835441002479,1.474486754490779
Neural Network,Entropy Sampling,1.0,2,6559,0.5426829268292683,0.18955422696835475,0.00961604485144982,1.555030290897076
Neural Network,Entropy Sampling,1.0,3,6559,0.5493902439024391,0.1841377545326828,0.009375847302950345,1.5507966371682973
Neural Network,Entropy Sampling,1.0,4,6559,0.552439024390244,0.18589607928978932,0.009970793357262244,1.5721248479989858
Neural Network,Margin Sampling,0.2,0,1311,0.5207317073170732,0.1739975125148285,0.017510652542114258,0.6848568916320801
Neural Network,Margin Sampling,0.2,1,1311,0.5164634146341464,0.18383773745231408,0.01572442054748535,0.6472709973653158
Neural Network,Margin Sampling,0.2,2,1311,0.48902439024390243,0.16069491418724605,0.016521215438842773,0.5984733899434408
Neural Network,Margin Sampling,0.2,3,1311,0.48109756097560974,0.167996688949671,0.01618186632792155,0.6201004187266032
Neural Network,Margin Sampling,0.2,4,1311,0.5103658536585366,0.16980707785900043,0.017549514770507812,0.6644087632497152
Neural Network,Margin Sampling,0.4,0,2623,0.5402439024390244,0.1935806097440163,0.014565706253051758,0.8324474891026815
Neural Network,Margin Sampling,0.4,1,2623,0.5390243902439025,0.18253411225064892,0.01374804973602295,0.8309703667958578
Neural Network,Margin Sampling,0.4,2,2623,0.5445121951219513,0.18462789934641405,0.014910697937011719,0.8416182200113932
Neural Network,Margin Sampling,0.4,3,2623,0.5439024390243903,0.18667829562810592,0.01354674498240153,0.824179450670878
Neural Network,Margin Sampling,0.4,4,2623,0.5481707317073171,0.18526775172179766,0.013826290766398111,0.8391067981719971
Neural Network,Margin Sampling,0.6,0,3935,0.5426829268292683,0.1800292782213864,0.013262510299682617,0.9823417365550995
Neural Network,Margin Sampling,0.6,1,3935,0.5439024390243903,0.18601171653767307,0.012257575988769531,0.9923079609870911
Neural Network,Margin Sampling,0.6,2,3935,0.5487804878048781,0.1910692762936188,0.012518256902694702,1.0022339522838593
Neural Network,Margin Sampling,0.6,3,3935,0.5432926829268293,0.187405561659792,0.010795444250106812,0.9685252904891968
Neural Network,Margin Sampling,0.6,4,3935,0.5420731707317074,0.18474878130992053,0.012313544750213623,0.963321715593338
Neural Network,Margin Sampling,0.8,0,5247,0.551829268292683,0.18782716644912967,0.011016867377541283,1.337901765649969
Neural Network,Margin Sampling,0.8,1,5247,0.5536585365853659,0.1906126905155479,0.011730714277787642,1.351267402822321
Neural Network,Margin Sampling,0.8,2,5247,0.5493902439024391,0.1845286442027812,0.010762561451305042,1.3190773833881726
Neural Network,Margin Sampling,0.8,3,5247,0.5487804878048781,0.1930578120463023,0.011990373784845526,1.3861646218733354
Neural Network,Margin Sampling,0.8,4,5247,0.5457317073170732,0.18556382125636395,0.010696692900224165,1.3458874008872292
Neural Network,Margin Sampling,1.0,0,6559,0.5353658536585366,0.17327766054568317,0.011965311490572415,1.620030898314256
Neural Network,Margin Sampling,1.0,1,6559,0.5432926829268293,0.19281434066159694,0.011781747524554912,1.6289446904109075
Neural Network,Margin Sampling,1.0,2,6559,0.5475609756097561,0.197090444492212,0.010760270632230319,1.5857766041388879
Neural Network,Margin Sampling,1.0,3,6559,0.5420731707317074,0.16970402929595163,0.011152304135836087,1.6416219931382399
Neural Network,Margin Sampling,1.0,4,6559,0.5481707317073171,0.18591979758778537,0.00977341945354755,1.5793483624091516
Neural Network,Least Confidence,0.2,0,1311,0.4951219512195122,0.18361623231068064,0.01723027229309082,0.6538925170898438
Neural Network,Least Confidence,0.2,1,1311,0.5134146341463415,0.19313079216542026,0.017762422561645508,0.6931068897247314
Neural Network,Least Confidence,0.2,2,1311,0.49390243902439024,0.1601379178906287,0.016461610794067383,0.647494395573934
Neural Network,Least Confidence,0.2,3,1311,0.5213414634146342,0.18144009207280984,0.016148805618286133,0.6809610525767008
Neural Network,Least Confidence,0.2,4,1311,0.5219512195121951,0.17647099532747046,0.01782544453938802,0.6868576208750407
Neural Network,Least Confidence,0.4,0,2623,0.5414634146341464,0.18984268494454457,0.014630436897277832,0.8468425273895264
Neural Network,Least Confidence,0.4,1,2623,0.5487804878048781,0.18564988309983846,0.013887961705525717,0.8231868743896484
Neural Network,Least Confidence,0.4,2,2623,0.5176829268292683,0.14788262443165784,0.014127810796101889,0.8399910926818848
Neural Network,Least Confidence,0.4,3,2623,0.5335365853658537,0.1780854508408688,0.014843503634134928,0.8349002599716187
Neural Network,Least Confidence,0.4,4,2623,0.5378048780487805,0.19370786785148386,0.014344294865926107,0.8629702726999918
Neural Network,Least Confidence,0.6,0,3935,0.5469512195121952,0.19684256012303697,0.01352393627166748,1.1078539788722992
Neural Network,Least Confidence,0.6,1,3935,0.5481707317073171,0.18054065004887893,0.013591378927230835,1.0715082287788391
Neural Network,Least Confidence,0.6,2,3935,0.5451219512195122,0.18923619502078148,0.013892561197280884,1.0484595000743866
Neural Network,Least Confidence,0.6,3,3935,0.5536585365853659,0.19905770743423482,0.013559579849243164,1.063558042049408
Neural Network,Least Confidence,0.6,4,3935,0.5481707317073171,0.19338665795586188,0.013943374156951904,1.0547595918178558
Neural Network,Least Confidence,0.8,0,5247,0.551219512195122,0.19403035674221328,0.011618050661954012,1.3728456930680708
Neural Network,Least Confidence,0.8,1,5247,0.5493902439024391,0.19151906441213265,0.012565309351140802,1.375925519249656
Neural Network,Least Confidence,0.8,2,5247,0.5481707317073171,0.19096126224104437,0.01116137071089311,1.3525628393346614
Neural Network,Least Confidence,0.8,3,5247,0.5560975609756098,0.1999178507610642,0.011503566395152699,1.377701455896551
Neural Network,Least Confidence,0.8,4,5247,0.5487804878048781,0.19519450278141506,0.011095307090065697,1.3813453370874578
Neural Network,Least Confidence,1.0,0,6559,0.5396341463414634,0.1814759550770279,0.010459533104529748,1.6441858548384447
Neural Network,Least Confidence,1.0,1,6559,0.5463414634146342,0.19741938780914164,0.010431454731867863,1.6007665304037242
Neural Network,Least Confidence,1.0,2,6559,0.5487804878048781,0.20002187572033436,0.009302744498619666,1.5217476257911096
Neural Network,Least Confidence,1.0,3,6559,0.5384146341463415,0.16311222105141898,0.009790677290696364,1.525370561159574
Neural Network,Least Confidence,1.0,4,6559,0.5536585365853659,0.19197734885080783,0.010532379150390625,1.5696579126211314
Naive Bayes,Random Sampling,0.2,0,1311,0.06402439024390244,0.06397680658369592,0.0005348523457845052,0.0030150413513183594
Naive Bayes,Random Sampling,0.2,1,1311,0.06585365853658537,0.06261132907959649,0.00043463706970214844,0.002233266830444336
Naive Bayes,Random Sampling,0.2,2,1311,0.056707317073170734,0.0539002780037636,0.0005241235097249349,0.0021034876505533853
Naive Bayes,Random Sampling,0.2,3,1311,0.04878048780487805,0.05809023137525615,0.0004227161407470703,0.0022379557291666665
Naive Bayes,Random Sampling,0.2,4,1311,0.05060975609756098,0.05003924020270333,0.00037932395935058594,0.0018318494160970051
Naive Bayes,Random Sampling,0.4,0,2623,0.039634146341463415,0.03472178583618188,0.00034360090891520184,0.0020559231440226236
Naive Bayes,Random Sampling,0.4,1,2623,0.03780487804878049,0.04075198598038004,0.00048545996348063153,0.0030938386917114258
Naive Bayes,Random Sampling,0.4,2,2623,0.03780487804878049,0.03265713849812991,0.00035329659779866535,0.0024353663126627603
Naive Bayes,Random Sampling,0.4,3,2623,0.03475609756097561,0.03847418524023685,0.00041035811106363934,0.0027665297190348306
Naive Bayes,Random Sampling,0.4,4,2623,0.028658536585365855,0.025189455788761486,0.0004456837972005208,0.002850492795308431
Naive Bayes,Random Sampling,0.6,0,3935,0.026829268292682926,0.03182115105053088,0.0004096031188964844,0.003127366304397583
Naive Bayes,Random Sampling,0.6,1,3935,0.02804878048780488,0.029228068348446157,0.0003987252712249756,0.002918839454650879
Naive Bayes,Random Sampling,0.6,2,3935,0.024390243902439025,0.022737783727114127,0.00037479400634765625,0.002740204334259033
Naive Bayes,Random Sampling,0.6,3,3935,0.024390243902439025,0.023873980576548395,0.0003495216369628906,0.0026694536209106445
Naive Bayes,Random Sampling,0.6,4,3935,0.029878048780487804,0.027946766843622444,0.00037276744842529297,0.002922147512435913
Naive Bayes,Random Sampling,0.8,0,5247,0.025,0.02434956234673787,0.0003868449818004261,0.003837607123635032
Naive Bayes,Random Sampling,0.8,1,5247,0.02621951219512195,0.031036989038730985,0.00041276758367365056,0.00391951474276456
Naive Bayes,Random Sampling,0.8,2,5247,0.026829268292682926,0.025162804129786484,0.0003881671211936257,0.0035453492944890804
Naive Bayes,Random Sampling,0.8,3,5247,0.025,0.02575532896573023,0.0003920901905406605,0.0035889798944646664
Naive Bayes,Random Sampling,0.8,4,5247,0.028658536585365855,0.028184344262724877,0.0003429976376620206,0.003330642526799982
Naive Bayes,Random Sampling,1.0,0,6559,0.02621951219512195,0.028906239510391823,0.0003329790555513822,0.003916226900540865
Naive Bayes,Random Sampling,1.0,1,6559,0.02621951219512195,0.028906239510391823,0.00034181888286884013,0.0036766712482158956
Naive Bayes,Random Sampling,1.0,2,6559,0.02621951219512195,0.028906239510391823,0.0003578479473407452,0.00413203239440918
Naive Bayes,Random Sampling,1.0,3,6559,0.02621951219512195,0.028906239510391823,0.00034462488614595856,0.004513282042283278
Naive Bayes,Random Sampling,1.0,4,6559,0.02621951219512195,0.028906239510391823,0.00030205799983097956,0.003429852999173678
Naive Bayes,Entropy Sampling,0.2,0,1311,0.0701219512195122,0.07179854428838264,0.030751148859659832,0.002285162607828776
Naive Bayes,Entropy Sampling,0.2,1,1311,0.08475609756097562,0.07036326455781687,0.03299570083618164,0.0019744237263997397
Naive Bayes,Entropy Sampling,0.2,2,1311,0.1024390243902439,0.06301336236034359,0.022025505701700848,0.0020470619201660156
Naive Bayes,Entropy Sampling,0.2,3,1311,0.1701219512195122,0.11544026896401448,0.021845658620198567,0.001829226811726888
Naive Bayes,Entropy Sampling,0.2,4,1311,0.0524390243902439,0.04726004361918374,0.02129538853963216,0.002238670984903971
Naive Bayes,Entropy Sampling,0.4,0,2623,0.05731707317073171,0.06628339449563857,0.018954118092854817,0.002554734547932943
Naive Bayes,Entropy Sampling,0.4,1,2623,0.056707317073170734,0.038590175761908534,0.018076737721761067,0.0030680100123087564
Naive Bayes,Entropy Sampling,0.4,2,2623,0.10121951219512196,0.059857064917262774,0.017154892285664875,0.0028395255406697593
Naive Bayes,Entropy Sampling,0.4,3,2623,0.12682926829268293,0.07922160394535677,0.01745792229970296,0.002810319264729818
Naive Bayes,Entropy Sampling,0.4,4,2623,0.04939024390243903,0.04582073744024354,0.01912538210550944,0.003187100092569987
Naive Bayes,Entropy Sampling,0.6,0,3935,0.05,0.05379131179150297,0.012466251850128174,0.002825528383255005
Naive Bayes,Entropy Sampling,0.6,1,3935,0.06097560975609756,0.051486938055748686,0.013546466827392578,0.003008127212524414
Naive Bayes,Entropy Sampling,0.6,2,3935,0.09268292682926829,0.06056589422361025,0.018313884735107422,0.0031336545944213867
Naive Bayes,Entropy Sampling,0.6,3,3935,0.1152439024390244,0.07902254821613101,0.015117824077606201,0.0030863285064697266
Naive Bayes,Entropy Sampling,0.6,4,3935,0.04695121951219512,0.044636627050174404,0.014225989580154419,0.0032121241092681885
Naive Bayes,Entropy Sampling,0.8,0,5247,0.05,0.05188113663306588,0.010760068893432617,0.003608725287697532
Naive Bayes,Entropy Sampling,0.8,1,5247,0.042682926829268296,0.03275356378926176,0.011589548804543236,0.003571618687022816
Naive Bayes,Entropy Sampling,0.8,2,5247,0.09024390243902439,0.05918871726370581,0.011516787789084694,0.003633672540838068
Naive Bayes,Entropy Sampling,0.8,3,5247,0.11036585365853659,0.0741941716785053,0.012088970704512163,0.0035647262226451526
Naive Bayes,Entropy Sampling,0.8,4,5247,0.060365853658536583,0.05674445792975386,0.012811400673606178,0.0039927742697975855
Naive Bayes,Entropy Sampling,1.0,0,6559,0.02621951219512195,0.028906239510391823,0.010820352114163913,0.00425883439870981
Naive Bayes,Entropy Sampling,1.0,1,6559,0.02621951219512195,0.028906239510391823,0.011654798801128682,0.004707739903376653
Naive Bayes,Entropy Sampling,1.0,2,6559,0.02621951219512195,0.028906239510391823,0.011559614768395057,0.004488596549400916
Naive Bayes,Entropy Sampling,1.0,3,6559,0.02621951219512195,0.028906239510391823,0.013286975713876577,0.004538095914400541
Naive Bayes,Entropy Sampling,1.0,4,6559,0.02621951219512195,0.028906239510391823,0.010257372489342323,0.004017132979172926
Naive Bayes,Margin Sampling,0.2,0,1311,0.06951219512195123,0.07272826799013202,0.0193021297454834,0.0019540786743164062
Naive Bayes,Margin Sampling,0.2,1,1311,0.09024390243902439,0.08421295582137472,0.020721276601155598,0.0017580191294352214
Naive Bayes,Margin Sampling,0.2,2,1311,0.1024390243902439,0.06187476039498316,0.025806109110514324,0.002278884251912435
Naive Bayes,Margin Sampling,0.2,3,1311,0.14878048780487804,0.10334689363996714,0.02422944704691569,0.002701441446940104
Naive Bayes,Margin Sampling,0.2,4,1311,0.0524390243902439,0.04726004361918374,0.024144808451334637,0.0022257169087727866
Naive Bayes,Margin Sampling,0.4,0,2623,0.05853658536585366,0.05932322758125033,0.015665253003438313,0.0030193328857421875
Naive Bayes,Margin Sampling,0.4,1,2623,0.06463414634146342,0.05178394561364548,0.01857296625773112,0.003325382868448893
Naive Bayes,Margin Sampling,0.4,2,2623,0.10121951219512196,0.059857064917262774,0.01811083157857259,0.0026830832163492837
Naive Bayes,Margin Sampling,0.4,3,2623,0.1225609756097561,0.07398592815792014,0.017905553181966145,0.0030853748321533203
Naive Bayes,Margin Sampling,0.4,4,2623,0.04939024390243903,0.04582073744024354,0.01604751745859782,0.0038857062657674155
Naive Bayes,Margin Sampling,0.6,0,3935,0.05426829268292683,0.05582997832705407,0.014903813600540161,0.0035026073455810547
Naive Bayes,Margin Sampling,0.6,1,3935,0.07378048780487804,0.06664483194237888,0.013518214225769043,0.0029116570949554443
Naive Bayes,Margin Sampling,0.6,2,3935,0.09268292682926829,0.06056589422361025,0.015040218830108643,0.003219693899154663
Naive Bayes,Margin Sampling,0.6,3,3935,0.046341463414634146,0.04515330378472207,0.01889336109161377,0.0030277669429779053
Naive Bayes,Margin Sampling,0.6,4,3935,0.04695121951219512,0.044636627050174404,0.017765045166015625,0.003558218479156494
Naive Bayes,Margin Sampling,0.8,0,5247,0.05304878048780488,0.056509986784320114,0.01209666512229226,0.004132964394309304
Naive Bayes,Margin Sampling,0.8,1,5247,0.06219512195121951,0.05853483683561459,0.012864893132990057,0.003713889555497603
Naive Bayes,Margin Sampling,0.8,2,5247,0.032926829268292684,0.036921693192592156,0.01386360688643022,0.004354433579878373
Naive Bayes,Margin Sampling,0.8,3,5247,0.048170731707317074,0.05114863455760736,0.01334712722084739,0.004004001617431641
Naive Bayes,Margin Sampling,0.8,4,5247,0.06707317073170732,0.0705514717970359,0.01813012903386896,0.0045746889981356535
Naive Bayes,Margin Sampling,1.0,0,6559,0.02621951219512195,0.028906239510391823,0.01166675640986516,0.004575839409461388
Naive Bayes,Margin Sampling,1.0,1,6559,0.02621951219512195,0.028906239510391823,0.011263517233041616,0.004543487842266376
Naive Bayes,Margin Sampling,1.0,2,6559,0.02621951219512195,0.028906239510391823,0.012731460424569936,0.004045541469867413
Naive Bayes,Margin Sampling,1.0,3,6559,0.02621951219512195,0.028906239510391823,0.01061401000389686,0.004210362067589393
Naive Bayes,Margin Sampling,1.0,4,6559,0.02621951219512195,0.028906239510391823,0.010329173161433293,0.004041855151836689
Naive Bayes,Least Confidence,0.2,0,1311,0.06951219512195123,0.07272826799013202,0.018140316009521484,0.002104520797729492
Naive Bayes,Least Confidence,0.2,1,1311,0.08536585365853659,0.07243377310311486,0.030964136123657227,0.002440929412841797
Naive Bayes,Least Confidence,0.2,2,1311,0.1024390243902439,0.06187476039498316,0.02442622184753418,0.002285003662109375
Naive Bayes,Least Confidence,0.2,3,1311,0.14878048780487804,0.10320450657926962,0.022879759470621746,0.0019576549530029297
Naive Bayes,Least Confidence,0.2,4,1311,0.0524390243902439,0.04726004361918374,0.021790107091267902,0.0021261374155680337
Naive Bayes,Least Confidence,0.4,0,2623,0.05853658536585366,0.05932322758125033,0.014797449111938477,0.002655665079752604
Naive Bayes,Least Confidence,0.4,1,2623,0.056707317073170734,0.038590175761908534,0.015745043754577637,0.0026628573735555014
Naive Bayes,Least Confidence,0.4,2,2623,0.10121951219512196,0.059857064917262774,0.016509254773457844,0.0025508801142374673
Naive Bayes,Least Confidence,0.4,3,2623,0.11585365853658537,0.06025574614813611,0.016498009363810223,0.002663771311442057
Naive Bayes,Least Confidence,0.4,4,2623,0.04939024390243903,0.04582073744024354,0.015581409136454264,0.0037172635396321616
Naive Bayes,Least Confidence,0.6,0,3935,0.05426829268292683,0.05582997832705407,0.012861579656600952,0.0029611289501190186
Naive Bayes,Least Confidence,0.6,1,3935,0.06097560975609756,0.05178287525004763,0.01424136757850647,0.0031746625900268555
Naive Bayes,Least Confidence,0.6,2,3935,0.09268292682926829,0.06056589422361025,0.013444393873214722,0.0028703510761260986
Naive Bayes,Least Confidence,0.6,3,3935,0.11646341463414635,0.06400812752824031,0.013357609510421753,0.0032086968421936035
Naive Bayes,Least Confidence,0.6,4,3935,0.04695121951219512,0.044636627050174404,0.014842391014099121,0.0031924843788146973
Naive Bayes,Least Confidence,0.8,0,5247,0.036585365853658534,0.03905424023927613,0.010671355507590553,0.003769982944835316
Naive Bayes,Least Confidence,0.8,1,5247,0.05,0.0480066658269254,0.01083905046636408,0.0036026131023060193
Naive Bayes,Least Confidence,0.8,2,5247,0.03353658536585366,0.03618140910275742,0.012974240563132546,0.003939736973155628
Naive Bayes,Least Confidence,0.8,3,5247,0.10609756097560975,0.06159905831698339,0.011030608957464045,0.0039993632923473015
Naive Bayes,Least Confidence,0.8,4,5247,0.060365853658536583,0.0648046550620392,0.010645389556884766,0.003612626682628285
Naive Bayes,Least Confidence,1.0,0,6559,0.02621951219512195,0.028906239510391823,0.009217775785006009,0.004197395764864408
Naive Bayes,Least Confidence,1.0,1,6559,0.02621951219512195,0.028906239510391823,0.010237528727604793,0.004310699609609751
Naive Bayes,Least Confidence,1.0,2,6559,0.02621951219512195,0.028906239510391823,0.009879974218515249,0.004093096806452825
Naive Bayes,Least Confidence,1.0,3,6559,0.02621951219512195,0.028906239510391823,0.008855819702148438,0.004107181842510517
Naive Bayes,Least Confidence,1.0,4,6559,0.02621951219512195,0.028906239510391823,0.009647552783672627,0.004329039500309871
Random Forest,Random Sampling,0.2,0,1311,0.48109756097560974,0.20305511853085964,0.0005921522776285807,0.30748534202575684
Random Forest,Random Sampling,0.2,1,1311,0.4658536585365854,0.22310606623948492,0.0005847613016764323,0.279765526453654
Random Forest,Random Sampling,0.2,2,1311,0.4823170731707317,0.23578187356037938,0.0009164810180664062,0.28869326909383136
Random Forest,Random Sampling,0.2,3,1311,0.4676829268292683,0.23656912519452034,0.0009400049845377604,0.2682366371154785
Random Forest,Random Sampling,0.2,4,1311,0.4609756097560976,0.220820056284229,0.0009258588155110677,0.28716524442036945
Random Forest,Random Sampling,0.4,0,2623,0.4798780487804878,0.21655300480701786,0.0008774201075236002,0.31704405943552655
Random Forest,Random Sampling,0.4,1,2623,0.45365853658536587,0.20156220462003585,0.0009518464406331381,0.8700246810913086
Random Forest,Random Sampling,0.4,2,2623,0.4658536585365854,0.23726608124956933,0.0006591876347859701,0.3542674382527669
Random Forest,Random Sampling,0.4,3,2623,0.4792682926829268,0.23828985039223863,0.0006067355473836263,0.3452645142873128
Random Forest,Random Sampling,0.4,4,2623,0.4603658536585366,0.2213726621118654,0.0005089044570922852,0.3066093524297078
Random Forest,Random Sampling,0.6,0,3935,0.4689024390243902,0.2163669454319648,0.0005512535572052002,0.34804651141166687
Random Forest,Random Sampling,0.6,1,3935,0.45914634146341465,0.20652082843600075,0.0005875527858734131,0.37186795473098755
Random Forest,Random Sampling,0.6,2,3935,0.475,0.22992416760864534,0.0005480051040649414,0.35999852418899536
Random Forest,Random Sampling,0.6,3,3935,0.47317073170731705,0.22431149167537395,0.000513911247253418,0.3429358899593353
Random Forest,Random Sampling,0.6,4,3935,0.4792682926829268,0.2328281128645417,0.0005044341087341309,0.3518816828727722
Random Forest,Random Sampling,0.8,0,5247,0.47012195121951217,0.22455709056013953,0.0005058375271883878,0.3914436643773859
Random Forest,Random Sampling,0.8,1,5247,0.4560975609756098,0.2270153329887449,0.0006934729489413174,0.4422471740029075
Random Forest,Random Sampling,0.8,2,5247,0.47317073170731705,0.22554155509628057,0.0006035241213711826,0.36980490251020953
Random Forest,Random Sampling,0.8,3,5247,0.4603658536585366,0.21615574352370592,0.0004649595780806108,0.3540059002962979
Random Forest,Random Sampling,0.8,4,5247,0.4713414634146341,0.22437214899356192,0.00046760385686700994,0.34945912794633344
Random Forest,Random Sampling,1.0,0,6559,0.4725609756097561,0.23275232626994502,0.00044642961942232575,0.37830167550307053
Random Forest,Random Sampling,1.0,1,6559,0.47073170731707314,0.23036092253507137,0.00041339947627140925,0.38346134699307954
Random Forest,Random Sampling,1.0,2,6559,0.4713414634146341,0.23421866214836898,0.00040549498337965744,0.38708688662602353
Random Forest,Random Sampling,1.0,3,6559,0.4713414634146341,0.2305215134868654,0.000449217282808744,0.37897548308739293
Random Forest,Random Sampling,1.0,4,6559,0.47073170731707314,0.2296703849781571,0.0004926828237680289,0.447894078034621
Random Forest,Entropy Sampling,0.2,0,1311,0.4792682926829268,0.23528284467010652,0.057011922200520836,0.3078949451446533
Random Forest,Entropy Sampling,0.2,1,1311,0.4585365853658537,0.2179458963298624,0.0588984489440918,0.30774346987406415
Random Forest,Entropy Sampling,0.2,2,1311,0.49329268292682926,0.2553962591101183,0.07422312100728352,0.35074321428934735
Random Forest,Entropy Sampling,0.2,3,1311,0.4945121951219512,0.2120704897684574,0.05783923467000326,0.3062877655029297
Random Forest,Entropy Sampling,0.2,4,1311,0.4634146341463415,0.2126158046820402,0.052062670389811196,0.2753073374430339
Random Forest,Entropy Sampling,0.4,0,2623,0.5060975609756098,0.23377717008912105,0.0596390962600708,0.30964434146881104
Random Forest,Entropy Sampling,0.4,1,2623,0.5103658536585366,0.22436450562423557,0.05918649832407633,0.3088906208674113
Random Forest,Entropy Sampling,0.4,2,2623,0.5,0.23806916171365552,0.051566878954569496,0.308859904607137
Random Forest,Entropy Sampling,0.4,3,2623,0.4841463414634146,0.218479333130729,0.05055375893910726,0.2867269118626912
Random Forest,Entropy Sampling,0.4,4,2623,0.4603658536585366,0.21117666617491532,0.0532538096110026,0.29810774326324463
Random Forest,Entropy Sampling,0.6,0,3935,0.5079268292682927,0.22191129103808946,0.05306607484817505,0.31866681575775146
Random Forest,Entropy Sampling,0.6,1,3935,0.5128048780487805,0.22207534695107212,0.05429255962371826,0.34247156977653503
Random Forest,Entropy Sampling,0.6,2,3935,0.5134146341463415,0.2304697735348017,0.05214720964431763,0.32576754689216614
Random Forest,Entropy Sampling,0.6,3,3935,0.5097560975609756,0.24407546800218385,0.056064605712890625,0.33480527997016907
Random Forest,Entropy Sampling,0.6,4,3935,0.4896341463414634,0.2269635347826494,0.05164080858230591,0.3242848217487335
Random Forest,Entropy Sampling,0.8,0,5247,0.5036585365853659,0.2344526952561908,0.05312789570201527,0.3592056794600053
Random Forest,Entropy Sampling,0.8,1,5247,0.5030487804878049,0.2249320132816163,0.0600104115226052,0.38169089230624115
Random Forest,Entropy Sampling,0.8,2,5247,0.49329268292682926,0.2155144094580359,0.05170197920365767,0.35494197498668323
Random Forest,Entropy Sampling,0.8,3,5247,0.5048780487804878,0.2363276646516299,0.05799167806451971,0.3629700704054399
Random Forest,Entropy Sampling,0.8,4,5247,0.4920731707317073,0.2304630385314853,0.05223415114662864,0.39858560128645465
Random Forest,Entropy Sampling,1.0,0,6559,0.47012195121951217,0.22971252235060202,0.04746618637671837,0.39458773686335635
Random Forest,Entropy Sampling,1.0,1,6559,0.47317073170731705,0.23629545510551267,0.057765575555654675,0.4031541897700383
Random Forest,Entropy Sampling,1.0,2,6559,0.4719512195121951,0.23053398292795743,0.05370178589454064,0.407959901369535
Random Forest,Entropy Sampling,1.0,3,6559,0.4719512195121951,0.2348169155825867,0.0509342780480018,0.41102513900169957
Random Forest,Entropy Sampling,1.0,4,6559,0.4713414634146341,0.22604948737484445,0.05830564865699181,0.4093453333928035
Random Forest,Margin Sampling,0.2,0,1311,0.4682926829268293,0.22406994729866783,0.05479987462361654,0.28599294026692706
Random Forest,Margin Sampling,0.2,1,1311,0.49878048780487805,0.21621158089518952,0.06719573338826497,0.2812388737996419
Random Forest,Margin Sampling,0.2,2,1311,0.501219512195122,0.22458786009312437,0.06638701756795247,0.35237757364908856
Random Forest,Margin Sampling,0.2,3,1311,0.5213414634146342,0.2448548145798218,0.07511385281880696,0.3598807652791341
Random Forest,Margin Sampling,0.2,4,1311,0.4847560975609756,0.20525073329503465,0.04865654309590658,0.2591494719187419
Random Forest,Margin Sampling,0.4,0,2623,0.5024390243902439,0.22781295219216155,0.049427310625712075,0.2815028826395671
Random Forest,Margin Sampling,0.4,1,2623,0.5195121951219512,0.22396375603374943,0.050375024477640785,0.3060598373413086
Random Forest,Margin Sampling,0.4,2,2623,0.5201219512195122,0.23516487103925787,0.05045676231384277,0.2817697922388713
Random Forest,Margin Sampling,0.4,3,2623,0.526219512195122,0.22792880292396747,0.05813860893249512,0.32329567273457843
Random Forest,Margin Sampling,0.4,4,2623,0.5164634146341464,0.21890898001730108,0.05352127552032471,0.2743190924326579
Random Forest,Margin Sampling,0.6,0,3935,0.5060975609756098,0.2174230640135128,0.05159175395965576,0.3028073310852051
Random Forest,Margin Sampling,0.6,1,3935,0.5115853658536585,0.23234991593575055,0.0525287389755249,0.32910725474357605
Random Forest,Margin Sampling,0.6,2,3935,0.5054878048780488,0.2239793593803498,0.05515661835670471,0.31571587920188904
Random Forest,Margin Sampling,0.6,3,3935,0.526829268292683,0.2404672481535209,0.04887405037879944,0.29797300696372986
Random Forest,Margin Sampling,0.6,4,3935,0.5103658536585366,0.22017965320575827,0.05103841423988342,0.3380608558654785
Random Forest,Margin Sampling,0.8,0,5247,0.4847560975609756,0.23785035312224082,0.05242083289406516,0.3544993617317893
Random Forest,Margin Sampling,0.8,1,5247,0.4969512195121951,0.21489494963026434,0.050566824999722565,0.351499080657959
Random Forest,Margin Sampling,0.8,2,5247,0.48902439024390243,0.21571083239130118,0.051436055790294304,0.3660697937011719
Random Forest,Margin Sampling,0.8,3,5247,0.5024390243902439,0.23381062953963216,0.058939131823453034,0.3605652722445401
Random Forest,Margin Sampling,0.8,4,5247,0.49878048780487805,0.22395253970777385,0.05125262520530007,0.36408966237848456
Random Forest,Margin Sampling,1.0,0,6559,0.47317073170731705,0.23625612921268913,0.047275506533109225,0.3826973805060753
Random Forest,Margin Sampling,1.0,1,6559,0.47073170731707314,0.23037400417337045,0.0545956354874831,0.3888123952425443
Random Forest,Margin Sampling,1.0,2,6559,0.4725609756097561,0.23093818288249748,0.05070251684922438,0.37204428819509655
Random Forest,Margin Sampling,1.0,3,6559,0.47012195121951217,0.2270862502595689,0.05095285635728102,0.40744550411517805
Random Forest,Margin Sampling,1.0,4,6559,0.4695121951219512,0.2261663028190142,0.05299190374521109,0.37857094177832973
Random Forest,Least Confidence,0.2,0,1311,0.4926829268292683,0.23797226679775074,0.04315765698750814,0.231094757715861
Random Forest,Least Confidence,0.2,1,1311,0.5,0.22662993596506953,0.04428553581237793,0.22692791620890299
Random Forest,Least Confidence,0.2,2,1311,0.47865853658536583,0.2211544371577493,0.04682532946268717,0.2405515511830648
Random Forest,Least Confidence,0.2,3,1311,0.5024390243902439,0.20154708770531105,0.04796314239501953,0.22792339324951172
Random Forest,Least Confidence,0.2,4,1311,0.48109756097560974,0.22000686981290413,0.04391868909200033,0.23296713829040527
Random Forest,Least Confidence,0.4,0,2623,0.5182926829268293,0.25824480501834995,0.04887497425079346,0.2874381939570109
Random Forest,Least Confidence,0.4,1,2623,0.5109756097560976,0.21078971056517035,0.055493791898091636,0.3070759375890096
Random Forest,Least Confidence,0.4,2,2623,0.5018292682926829,0.2402371061546953,0.047984043757120766,0.28815019130706787
Random Forest,Least Confidence,0.4,3,2623,0.5109756097560976,0.21829379832026793,0.05491471290588379,0.2942814032236735
Random Forest,Least Confidence,0.4,4,2623,0.499390243902439,0.2267233960631186,0.0636151631673177,0.32379841804504395
Random Forest,Least Confidence,0.6,0,3935,0.5128048780487805,0.2308923667452415,0.050413429737091064,0.296139121055603
Random Forest,Least Confidence,0.6,1,3935,0.5225609756097561,0.2278076952280307,0.05299171805381775,0.32737869024276733
Random Forest,Least Confidence,0.6,2,3935,0.5091463414634146,0.22647775182597416,0.04997199773788452,0.3294984698295593
Random Forest,Least Confidence,0.6,3,3935,0.5164634146341464,0.22033270869505975,0.054548293352127075,0.3091384470462799
Random Forest,Least Confidence,0.6,4,3935,0.5079268292682927,0.23288201814136578,0.0514015257358551,0.3164200484752655
Random Forest,Least Confidence,0.8,0,5247,0.49817073170731707,0.24165675314239277,0.055076339028098366,0.3675505898215554
Random Forest,Least Confidence,0.8,1,5247,0.5030487804878049,0.22129251439020095,0.05007572607560591,0.3755029548298229
Random Forest,Least Confidence,0.8,2,5247,0.4945121951219512,0.20925383721209057,0.05872676589272239,0.3775601387023926
Random Forest,Least Confidence,0.8,3,5247,0.5042682926829268,0.22836370723927107,0.05214446241205389,0.3605150959708474
Random Forest,Least Confidence,0.8,4,5247,0.49390243902439024,0.23621048872443914,0.05698992989280007,0.3857354467565363
Random Forest,Least Confidence,1.0,0,6559,0.4713414634146341,0.22999523004947792,0.04997695409334623,0.4011019743405856
Random Forest,Least Confidence,1.0,1,6559,0.4719512195121951,0.2318741570405226,0.06407130681551419,0.4617030987372765
Random Forest,Least Confidence,1.0,2,6559,0.4719512195121951,0.2305949619740628,0.05478609525240385,0.3986091613769531
Random Forest,Least Confidence,1.0,3,6559,0.4725609756097561,0.22810988983494557,0.04945265329801119,0.4021424880394569
Random Forest,Least Confidence,1.0,4,6559,0.473780487804878,0.2316361805647444,0.054961057809682995,0.4164730952336238
Logistic Regression,Random Sampling,0.2,0,1311,0.5353658536585366,0.18386136867579164,0.0011783440907796223,0.9470765590667725
Logistic Regression,Random Sampling,0.2,1,1311,0.5439024390243903,0.17843199220759856,0.0010957717895507812,0.8386154969533285
Logistic Regression,Random Sampling,0.2,2,1311,0.5487804878048781,0.18786935946529645,0.0006155967712402344,0.8520543575286865
Logistic Regression,Random Sampling,0.2,3,1311,0.5542682926829269,0.18453903094667284,0.0013909339904785156,1.0252739588419597
Logistic Regression,Random Sampling,0.2,4,1311,0.5353658536585366,0.1736439479538071,0.0009226004282633463,0.9510506788889567
Logistic Regression,Random Sampling,0.4,0,2623,0.5310975609756098,0.17887704565249862,0.0006724198659261068,2.2583773533503213
Logistic Regression,Random Sampling,0.4,1,2623,0.5530487804878049,0.1955701137374001,0.00044266382853190106,2.163580536842346
Logistic Regression,Random Sampling,0.4,2,2623,0.551829268292683,0.18479206612641436,0.00045168399810791016,2.223016858100891
Logistic Regression,Random Sampling,0.4,3,2623,0.551829268292683,0.18555564642614908,0.0014371474583943684,2.3193833430608115
Logistic Regression,Random Sampling,0.4,4,2623,0.5445121951219513,0.18480763202705353,0.0017652511596679688,2.3628445863723755
Logistic Regression,Random Sampling,0.6,0,3935,0.5371951219512195,0.18353713767616867,0.0010991990566253662,3.134356915950775
Logistic Regression,Random Sampling,0.6,1,3935,0.5402439024390244,0.19304952609200804,0.0004737675189971924,3.128693014383316
Logistic Regression,Random Sampling,0.6,2,3935,0.5445121951219513,0.1831347190940643,0.0013203620910644531,3.056653380393982
Logistic Regression,Random Sampling,0.6,3,3935,0.5591463414634147,0.1924930775904256,0.0005299150943756104,3.0600921511650085
Logistic Regression,Random Sampling,0.6,4,3935,0.5481707317073171,0.1882014366635002,0.001355201005935669,3.1245923936367035
Logistic Regression,Random Sampling,0.8,0,5247,0.5347560975609756,0.183908485440939,0.0009840401736172762,4.549599062312733
Logistic Regression,Random Sampling,0.8,1,5247,0.5371951219512195,0.18895471274190737,0.0011952356858686967,4.546630274165761
Logistic Regression,Random Sampling,0.8,2,5247,0.5469512195121952,0.1857657932819533,0.0013379617170854049,4.5077251737768
Logistic Regression,Random Sampling,0.8,3,5247,0.55,0.19310930939942647,0.0012437863783402877,4.64688329263167
Logistic Regression,Random Sampling,0.8,4,5247,0.5384146341463415,0.186160291736474,0.0009481473402543502,4.655099391937256
Logistic Regression,Random Sampling,1.0,0,6559,0.5396341463414634,0.18826070977387632,0.0011107554802527795,5.65293889779311
Logistic Regression,Random Sampling,1.0,1,6559,0.5396341463414634,0.18826070977387632,0.0009520604060246394,5.477154181553767
Logistic Regression,Random Sampling,1.0,2,6559,0.5396341463414634,0.18826070977387632,0.0014214699084942157,5.53274365571829
Logistic Regression,Random Sampling,1.0,3,6559,0.5396341463414634,0.18826070977387632,0.0011738997239332933,5.605584089572613
Logistic Regression,Random Sampling,1.0,4,6559,0.5396341463414634,0.18826070977387632,0.001184848638681265,5.464595574599046
Logistic Regression,Entropy Sampling,0.2,0,1311,0.4817073170731707,0.20151825958815164,0.005686283111572266,1.020663817723592
Logistic Regression,Entropy Sampling,0.2,1,1311,0.4689024390243902,0.16333242731013362,0.0044587453206380205,0.8864845434824625
Logistic Regression,Entropy Sampling,0.2,2,1311,0.5030487804878049,0.16073574422703918,0.0044023990631103516,1.0479810237884521
Logistic Regression,Entropy Sampling,0.2,3,1311,0.5,0.19313463440660825,0.003677924474080404,0.9772510528564453
Logistic Regression,Entropy Sampling,0.2,4,1311,0.5219512195121951,0.17734108424640616,0.0037839412689208984,0.8640034993489584
Logistic Regression,Entropy Sampling,0.4,0,2623,0.4926829268292683,0.19667161184453621,0.005288958549499512,2.2176105976104736
Logistic Regression,Entropy Sampling,0.4,1,2623,0.5164634146341464,0.17577821219262685,0.006019115447998047,2.2885247468948364
Logistic Regression,Entropy Sampling,0.4,2,2623,0.5463414634146342,0.1836481720060753,0.00588687260945638,2.331037402153015
Logistic Regression,Entropy Sampling,0.4,3,2623,0.5439024390243903,0.17461962202284964,0.003577709197998047,2.246693213780721
Logistic Regression,Entropy Sampling,0.4,4,2623,0.5304878048780488,0.19043668195510002,0.0032826662063598633,2.145748734474182
Logistic Regression,Entropy Sampling,0.6,0,3935,0.5341463414634147,0.17809406369225037,0.004159420728683472,3.1271294355392456
Logistic Regression,Entropy Sampling,0.6,1,3935,0.5329268292682927,0.17571295460884562,0.00501406192779541,3.1011946201324463
Logistic Regression,Entropy Sampling,0.6,2,3935,0.5432926829268293,0.1871107142798557,0.003219425678253174,3.1105632185935974
Logistic Regression,Entropy Sampling,0.6,3,3935,0.5420731707317074,0.17391072347816122,0.004250466823577881,3.256479799747467
Logistic Regression,Entropy Sampling,0.6,4,3935,0.5426829268292683,0.1911759357266846,0.0053136348724365234,3.1252900660037994
Logistic Regression,Entropy Sampling,0.8,0,5247,0.5317073170731708,0.19831692884520535,0.0036383542147549715,4.478848977522417
Logistic Regression,Entropy Sampling,0.8,1,5247,0.5463414634146342,0.19709532065181504,0.004693096334284002,4.5551841692491015
Logistic Regression,Entropy Sampling,0.8,2,5247,0.5481707317073171,0.18662634439622763,0.00468776442787864,4.49910551851446
Logistic Regression,Entropy Sampling,0.8,3,5247,0.5432926829268293,0.1878165524589338,0.00459499792619185,4.488681012933904
Logistic Regression,Entropy Sampling,0.8,4,5247,0.550609756097561,0.20250020300578842,0.004207914525812323,4.487687544389204
Logistic Regression,Entropy Sampling,1.0,0,6559,0.5396341463414634,0.18826070977387632,0.004157561522263747,5.484372193996723
Logistic Regression,Entropy Sampling,1.0,1,6559,0.5396341463414634,0.18826070977387632,0.0033466449150672327,5.371630026743962
Logistic Regression,Entropy Sampling,1.0,2,6559,0.5396341463414634,0.18826070977387632,0.003922058985783503,5.398946762084961
Logistic Regression,Entropy Sampling,1.0,3,6559,0.5396341463414634,0.18826070977387632,0.0038882952470045825,5.476185431847205
Logistic Regression,Entropy Sampling,1.0,4,6559,0.5396341463414634,0.18826070977387632,0.003993786298311674,5.545013904571533
Logistic Regression,Margin Sampling,0.2,0,1311,0.5030487804878049,0.15176915871640878,0.0056743621826171875,0.9747921625773112
Logistic Regression,Margin Sampling,0.2,1,1311,0.5280487804878049,0.17240223431091653,0.004473368326822917,0.9363466103871664
Logistic Regression,Margin Sampling,0.2,2,1311,0.525,0.17914570632706717,0.0037419001261393228,0.8643600145975748
Logistic Regression,Margin Sampling,0.2,3,1311,0.5335365853658537,0.19263233788483347,0.00644691785176595,0.9474469820658366
Logistic Regression,Margin Sampling,0.2,4,1311,0.5329268292682927,0.18133551406385917,0.004758278528849284,0.8489039738972982
Logistic Regression,Margin Sampling,0.4,0,2623,0.5323170731707317,0.1869993475436601,0.005854090054829915,2.3565485080083213
Logistic Regression,Margin Sampling,0.4,1,2623,0.5353658536585366,0.17897743385043816,0.0058994293212890625,2.2976568142573037
Logistic Regression,Margin Sampling,0.4,2,2623,0.5463414634146342,0.19121586874760396,0.004118204116821289,2.265056292215983
Logistic Regression,Margin Sampling,0.4,3,2623,0.5554878048780488,0.19287574646075809,0.003983139991760254,2.3192330598831177
Logistic Regression,Margin Sampling,0.4,4,2623,0.5408536585365854,0.18996650802279424,0.0035475492477416992,2.2152055899302163
Logistic Regression,Margin Sampling,0.6,0,3935,0.5231707317073171,0.18705003688781396,0.004775524139404297,3.186355322599411
Logistic Regression,Margin Sampling,0.6,1,3935,0.525,0.17819489258913834,0.003844738006591797,3.1503367722034454
Logistic Regression,Margin Sampling,0.6,2,3935,0.5396341463414634,0.18444347562078525,0.005876123905181885,3.1977140307426453
Logistic Regression,Margin Sampling,0.6,3,3935,0.5426829268292683,0.18480181208695143,0.0046173930168151855,3.293490707874298
Logistic Regression,Margin Sampling,0.6,4,3935,0.5347560975609756,0.18348753873454304,0.005021214485168457,3.3371962904930115
Logistic Regression,Margin Sampling,0.8,0,5247,0.5286585365853659,0.189440780962523,0.004240317778153853,4.615543560548262
Logistic Regression,Margin Sampling,0.8,1,5247,0.5378048780487805,0.18794348216127613,0.005144704471934925,4.515985944054344
Logistic Regression,Margin Sampling,0.8,2,5247,0.551829268292683,0.19594448543847945,0.004712603308937766,4.589360215447166
Logistic Regression,Margin Sampling,0.8,3,5247,0.5451219512195122,0.18238979924129606,0.004460421475497159,4.588353915648027
Logistic Regression,Margin Sampling,0.8,4,5247,0.5402439024390244,0.18667545390340193,0.004917339845137162,4.500593944029375
Logistic Regression,Margin Sampling,1.0,0,6559,0.5396341463414634,0.18826070977387632,0.004180192947387695,5.569095538212703
Logistic Regression,Margin Sampling,1.0,1,6559,0.5396341463414634,0.18826070977387632,0.004298742000873272,5.590684799047617
Logistic Regression,Margin Sampling,1.0,2,6559,0.5396341463414634,0.18826070977387632,0.004292176320002629,5.713793039321899
Logistic Regression,Margin Sampling,1.0,3,6559,0.5396341463414634,0.18826070977387632,0.0055508246788611776,5.589509652211116
Logistic Regression,Margin Sampling,1.0,4,6559,0.5396341463414634,0.18826070977387632,0.004043762500469501,5.615954362429106
Logistic Regression,Least Confidence,0.2,0,1311,0.4902439024390244,0.20668937259903716,0.006998618443806966,0.9197196960449219
Logistic Regression,Least Confidence,0.2,1,1311,0.5341463414634147,0.17874705297240284,0.004802624384562175,0.9093888600667318
Logistic Regression,Least Confidence,0.2,2,1311,0.5292682926829269,0.16945884655874033,0.00659632682800293,0.9824556509653727
Logistic Regression,Least Confidence,0.2,3,1311,0.5176829268292683,0.17990181807867459,0.004263877868652344,0.9378980795542399
Logistic Regression,Least Confidence,0.2,4,1311,0.5365853658536586,0.18778703128022997,0.0037654240926106772,0.8103048801422119
Logistic Regression,Least Confidence,0.4,0,2623,0.5128048780487805,0.1828925842811637,0.004587014516194661,2.320234775543213
Logistic Regression,Least Confidence,0.4,1,2623,0.5378048780487805,0.1871439657751151,0.004196643829345703,2.2622479995091758
Logistic Regression,Least Confidence,0.4,2,2623,0.5469512195121952,0.18883513779422023,0.0031518936157226562,2.1895035107930503
Logistic Regression,Least Confidence,0.4,3,2623,0.5304878048780488,0.1776032479897152,0.0035304625829060874,2.258313457171122
Logistic Regression,Least Confidence,0.4,4,2623,0.5439024390243903,0.19352084863234545,0.003472487131754557,2.205233891805013
Logistic Regression,Least Confidence,0.6,0,3935,0.5317073170731708,0.1985251132749191,0.00508195161819458,3.15898796916008
Logistic Regression,Least Confidence,0.6,1,3935,0.5487804878048781,0.19297787151257972,0.005103886127471924,3.255524456501007
Logistic Regression,Least Confidence,0.6,2,3935,0.5439024390243903,0.18225384217388785,0.004185140132904053,3.1606964468955994
Logistic Regression,Least Confidence,0.6,3,3935,0.5451219512195122,0.1865846431303929,0.0035013556480407715,3.153216063976288
Logistic Regression,Least Confidence,0.6,4,3935,0.5402439024390244,0.1887086882484256,0.005971282720565796,3.031019240617752
Logistic Regression,Least Confidence,0.8,0,5247,0.5371951219512195,0.2060172364134365,0.003930525346235795,4.611165350133723
Logistic Regression,Least Confidence,0.8,1,5247,0.5426829268292683,0.18803199125751086,0.003793412988836115,4.546043374321678
Logistic Regression,Least Confidence,0.8,2,5247,0.5457317073170732,0.18737368637865032,0.004059444774280895,4.493712858720259
Logistic Regression,Least Confidence,0.8,3,5247,0.5475609756097561,0.19686764698080125,0.0038526708429509945,4.459721651944247
Logistic Regression,Least Confidence,0.8,4,5247,0.5365853658536586,0.18459528076004897,0.0036134286360307174,4.349853385578502
Logistic Regression,Least Confidence,1.0,0,6559,0.5396341463414634,0.18826070977387632,0.004200531886174128,5.43826281107389
Logistic Regression,Least Confidence,1.0,1,6559,0.5396341463414634,0.18826070977387632,0.0038989690633920524,5.393967114962065
Logistic Regression,Least Confidence,1.0,2,6559,0.5396341463414634,0.18826070977387632,0.0034346947303185095,5.381767126230093
Logistic Regression,Least Confidence,1.0,3,6559,0.5396341463414634,0.18826070977387632,0.003604430418748122,5.398826599121094
Logistic Regression,Least Confidence,1.0,4,6559,0.5396341463414634,0.18826070977387632,0.003550070982712966,5.395557238505437
SVM,Random Sampling,0.2,0,1311,0.5390243902439025,0.1683411518296422,0.0021712779998779297,0.23892577489217123
SVM,Random Sampling,0.2,1,1311,0.5335365853658537,0.15992359047041674,0.0006241798400878906,0.23746728897094727
SVM,Random Sampling,0.2,2,1311,0.5390243902439025,0.16480023149341305,0.0004975795745849609,0.2388451894124349
SVM,Random Sampling,0.2,3,1311,0.5225609756097561,0.1448945714849864,0.0005632241566975912,0.23574137687683105
SVM,Random Sampling,0.2,4,1311,0.5420731707317074,0.1766610498728386,0.0012751420338948567,0.23454984029134116
SVM,Random Sampling,0.4,0,2623,0.5475609756097561,0.1832451121325282,0.001078963279724121,1.0778978268305461
SVM,Random Sampling,0.4,1,2623,0.5481707317073171,0.18137884811809224,0.0009200572967529297,1.1006025870641072
SVM,Random Sampling,0.4,2,2623,0.5487804878048781,0.1823479781318473,0.0012475252151489258,1.0245050986607869
SVM,Random Sampling,0.4,3,2623,0.5451219512195122,0.17962912163228162,0.00047198931376139325,1.1098967393239338
SVM,Random Sampling,0.4,4,2623,0.5451219512195122,0.17297645579725382,0.0004452069600423177,1.0396977663040161
SVM,Random Sampling,0.6,0,3935,0.5493902439024391,0.1851959539280072,0.00043275952339172363,1.8954485952854156
SVM,Random Sampling,0.6,1,3935,0.551829268292683,0.1868971582878308,0.0007071793079376221,1.8512226343154907
SVM,Random Sampling,0.6,2,3935,0.5445121951219513,0.17537288177142685,0.0008801817893981934,1.8250151574611664
SVM,Random Sampling,0.6,3,3935,0.5487804878048781,0.18810556965430986,0.0005074143409729004,1.9382385313510895
SVM,Random Sampling,0.6,4,3935,0.5469512195121952,0.17734558234788997,0.00048533082008361816,1.8810644149780273
SVM,Random Sampling,0.8,0,5247,0.5463414634146342,0.1767874234550076,0.0007744052193381569,3.633563280105591
SVM,Random Sampling,0.8,1,5247,0.550609756097561,0.1855060405831495,0.0006660114635120739,3.616335782137784
SVM,Random Sampling,0.8,2,5247,0.5487804878048781,0.18384313672351238,0.0005659623579545455,3.556748693639582
SVM,Random Sampling,0.8,3,5247,0.5487804878048781,0.18893663454704265,0.000494263388893821,3.649403680454601
SVM,Random Sampling,0.8,4,5247,0.5475609756097561,0.17807088128773751,0.0010487599806352096,3.6954230828718706
SVM,Random Sampling,1.0,0,6559,0.5469512195121952,0.17743192991707504,0.0006336799034705529,5.230857188885029
SVM,Random Sampling,1.0,1,6559,0.5469512195121952,0.17743192991707504,0.0006822439340444711,5.084002953309279
SVM,Random Sampling,1.0,2,6559,0.5469512195121952,0.17743192991707504,0.0007235820476825421,5.153877093241765
SVM,Random Sampling,1.0,3,6559,0.5469512195121952,0.17743192991707504,0.0006892314324012169,5.256174399302556
SVM,Random Sampling,1.0,4,6559,0.5469512195121952,0.17743192991707504,0.0012805828681358923,5.170234753535344
SVM,Entropy Sampling,0.2,0,1311,0.5432926829268293,0.18087974644502308,0.4343406359354655,0.2426008383433024
SVM,Entropy Sampling,0.2,1,1311,0.4658536585365854,0.1477399528913289,0.415690819422404,0.23828991254170737
SVM,Entropy Sampling,0.2,2,1311,0.5304878048780488,0.1718774883381568,0.48618459701538086,0.2693161964416504
SVM,Entropy Sampling,0.2,3,1311,0.5347560975609756,0.16044375451663273,0.42818228403727215,0.27238305409749347
SVM,Entropy Sampling,0.2,4,1311,0.5176829268292683,0.14139080220781242,0.4404182434082031,0.2727721532185872
SVM,Entropy Sampling,0.4,0,2623,0.5475609756097561,0.1780586845664217,0.7348744869232178,1.025782585144043
SVM,Entropy Sampling,0.4,1,2623,0.5396341463414634,0.16167487559807148,0.7243231932322184,1.038879632949829
SVM,Entropy Sampling,0.4,2,2623,0.5317073170731708,0.1671457788087499,0.7887622515360514,1.1362534364064534
SVM,Entropy Sampling,0.4,3,2623,0.5378048780487805,0.17692864933372457,0.7469195524851481,1.024366815884908
SVM,Entropy Sampling,0.4,4,2623,0.47865853658536583,0.18703295758947608,0.7829891840616862,1.1940875848134358
SVM,Entropy Sampling,0.6,0,3935,0.5469512195121952,0.1772305998756783,0.8447944521903992,1.8946520686149597
SVM,Entropy Sampling,0.6,1,3935,0.5475609756097561,0.17817854115968887,0.8375002443790436,1.8537752330303192
SVM,Entropy Sampling,0.6,2,3935,0.550609756097561,0.19432233033201637,0.9056993126869202,2.1208629608154297
SVM,Entropy Sampling,0.6,3,3935,0.5481707317073171,0.1787336136674721,0.8548809289932251,1.955423504114151
SVM,Entropy Sampling,0.6,4,3935,0.5487804878048781,0.1776049604439126,0.9061029553413391,2.1459063291549683
SVM,Entropy Sampling,0.8,0,5247,0.5469512195121952,0.17734558234788997,0.8392297137867321,3.5632256161082876
SVM,Entropy Sampling,0.8,1,5247,0.551219512195122,0.18606419947603187,0.9021158435127952,3.6257920915430244
SVM,Entropy Sampling,0.8,2,5247,0.5469512195121952,0.17734558234788997,0.9141191135753285,3.990444855256514
SVM,Entropy Sampling,0.8,3,5247,0.5469512195121952,0.17734558234788997,0.9380011775276877,3.990471298044378
SVM,Entropy Sampling,0.8,4,5247,0.551219512195122,0.18606419947603187,0.9438704794103449,4.063772374933416
SVM,Entropy Sampling,1.0,0,6559,0.5469512195121952,0.17743192991707504,0.7893064022064209,5.259423586038443
SVM,Entropy Sampling,1.0,1,6559,0.5469512195121952,0.17743192991707504,0.8172981372246375,5.232259915425227
SVM,Entropy Sampling,1.0,2,6559,0.5469512195121952,0.17743192991707504,0.8768704120929425,5.538303320224468
SVM,Entropy Sampling,1.0,3,6559,0.5469512195121952,0.17743192991707504,0.8061189651489258,5.104820764981783
SVM,Entropy Sampling,1.0,4,6559,0.5469512195121952,0.17743192991707504,0.8587358181293194,5.360466993772066
SVM,Margin Sampling,0.2,0,1311,0.5408536585365854,0.1861659991486525,0.4442526499430339,0.22610576947530112
SVM,Margin Sampling,0.2,1,1311,0.5359756097560976,0.15213450782926272,0.43000109990437824,0.25040777524312335
SVM,Margin Sampling,0.2,2,1311,0.5353658536585366,0.1680127542478619,0.47052915891011554,0.2749849160512288
SVM,Margin Sampling,0.2,3,1311,0.5390243902439025,0.16282293725399882,0.4291144212086995,0.2433021068572998
SVM,Margin Sampling,0.2,4,1311,0.5085365853658537,0.12833074234934208,0.4555569489796956,0.277460257212321
SVM,Margin Sampling,0.4,0,2623,0.5304878048780488,0.16636856156642882,0.7467412153879801,1.0145645538965862
SVM,Margin Sampling,0.4,1,2623,0.5475609756097561,0.1779910350435232,0.7213327089945475,1.0659927527109783
SVM,Margin Sampling,0.4,2,2623,0.5432926829268293,0.17564270675431562,0.8252145449320475,1.212353229522705
SVM,Margin Sampling,0.4,3,2623,0.5481707317073171,0.17675963702634873,0.795305609703064,1.236185908317566
SVM,Margin Sampling,0.4,4,2623,0.4865853658536585,0.15603343766324837,0.8319461743036906,1.2993483940760295
SVM,Margin Sampling,0.6,0,3935,0.5445121951219513,0.16594636309731448,0.8550321459770203,1.9187394678592682
SVM,Margin Sampling,0.6,1,3935,0.552439024390244,0.18772540252178935,0.8410781025886536,1.958901584148407
SVM,Margin Sampling,0.6,2,3935,0.55,0.18339330187496916,0.9247736036777496,2.2006719410419464
SVM,Margin Sampling,0.6,3,3935,0.5469512195121952,0.1772305998756783,0.9010860323905945,2.083132565021515
SVM,Margin Sampling,0.6,4,3935,0.5414634146341464,0.164406868570604,0.9633023142814636,2.3163560032844543
SVM,Margin Sampling,0.8,0,5247,0.5426829268292683,0.16418206380716807,0.8655537258494984,3.5393257357857446
SVM,Margin Sampling,0.8,1,5247,0.5469512195121952,0.17734558234788997,0.8462325226176869,3.5326485633850098
SVM,Margin Sampling,0.8,2,5247,0.5451219512195122,0.1851154153576825,0.9142492901195179,3.8660777482119473
SVM,Margin Sampling,0.8,3,5247,0.5469512195121952,0.17734558234788997,0.9188050140034069,3.7435798211531206
SVM,Margin Sampling,0.8,4,5247,0.5469512195121952,0.17743192991707504,0.9334000674161044,3.8832054138183594
SVM,Margin Sampling,1.0,0,6559,0.5469512195121952,0.17743192991707504,0.7935115190652701,4.963373147524321
SVM,Margin Sampling,1.0,1,6559,0.5469512195121952,0.17743192991707504,0.796573070379404,5.060682058334351
SVM,Margin Sampling,1.0,2,6559,0.5469512195121952,0.17743192991707504,0.8630530650799091,5.358054271111121
SVM,Margin Sampling,1.0,3,6559,0.5469512195121952,0.17743192991707504,0.8271947824037992,5.140027853158804
SVM,Margin Sampling,1.0,4,6559,0.5469512195121952,0.17743192991707504,0.8489193732921894,5.314318766960731
SVM,Least Confidence,0.2,0,1311,0.5384146341463415,0.18429098324121218,0.409564733505249,0.23186143239339194
SVM,Least Confidence,0.2,1,1311,0.5420731707317074,0.15982200259938922,0.40470043818155926,0.25278671582539874
SVM,Least Confidence,0.2,2,1311,0.5317073170731708,0.17660943528395295,0.48479294776916504,0.2809932231903076
SVM,Least Confidence,0.2,3,1311,0.5292682926829269,0.1574932978816769,0.40752696990966797,0.21831591924031576
SVM,Least Confidence,0.2,4,1311,0.5152439024390244,0.1372636791585346,0.5069435437520345,0.32251596450805664
SVM,Least Confidence,0.4,0,2623,0.5445121951219513,0.1772575782711787,0.7365056673685709,1.0469798644383748
SVM,Least Confidence,0.4,1,2623,0.5341463414634147,0.153130462692594,0.6974407434463501,1.0133878389994304
SVM,Least Confidence,0.4,2,2623,0.5426829268292683,0.17384088719183144,0.7600986957550049,1.1382879416147869
SVM,Least Confidence,0.4,3,2623,0.5390243902439025,0.16685474303527403,0.7219030857086182,1.0424344539642334
SVM,Least Confidence,0.4,4,2623,0.49634146341463414,0.1676557039543497,0.7908293406168619,1.2410904169082642
SVM,Least Confidence,0.6,0,3935,0.5469512195121952,0.18627514237496548,0.8144580125808716,1.7164743840694427
SVM,Least Confidence,0.6,1,3935,0.5481707317073171,0.17900678539364745,0.8147963285446167,1.8375262320041656
SVM,Least Confidence,0.6,2,3935,0.5463414634146342,0.17457113490164952,0.8708045184612274,2.0140965282917023
SVM,Least Confidence,0.6,3,3935,0.5487804878048781,0.17955323337011736,0.8371008038520813,1.8526192009449005
SVM,Least Confidence,0.6,4,3935,0.5463414634146342,0.17774983984388654,0.884214460849762,2.0526759922504425
SVM,Least Confidence,0.8,0,5247,0.551219512195122,0.18606419947603187,0.8506394299593839,3.479426058855924
SVM,Least Confidence,0.8,1,5247,0.5469512195121952,0.17734558234788997,0.8423808054490523,3.531870733607899
SVM,Least Confidence,0.8,2,5247,0.5469512195121952,0.17734558234788997,0.9151217070492831,3.9349619258533823
SVM,Least Confidence,0.8,3,5247,0.5469512195121952,0.17734558234788997,0.8782172419808127,3.8230797810987993
SVM,Least Confidence,0.8,4,5247,0.5469512195121952,0.17734558234788997,0.9459857073697177,4.092817306518555
SVM,Least Confidence,1.0,0,6559,0.5469512195121952,0.17743192991707504,0.8329653373131385,5.03219538468581
SVM,Least Confidence,1.0,1,6559,0.5469512195121952,0.17743192991707504,0.7791105417104868,4.98546759898846
SVM,Least Confidence,1.0,2,6559,0.5469512195121952,0.17743192991707504,0.8494256826547476,5.514338585046621
SVM,Least Confidence,1.0,3,6559,0.5469512195121952,0.17743192991707504,0.807569485444289,5.052076816558838
SVM,Least Confidence,1.0,4,6559,0.5469512195121952,0.17743192991707504,0.8259599942427415,5.2130656242370605
