classifier,strategy,budget_pct,run,n_labeled,accuracy,f1_score,avg_query_time,avg_train_time
Neural Network,Random Sampling,0.2,0,1311,0.5274390243902439,0.18973819072172024,0.00015695889790852865,0.46794454256693524
Neural Network,Random Sampling,0.2,1,1311,0.5347560975609756,0.17710760392042973,0.00016673405965169272,0.11966951688130696
Neural Network,Random Sampling,0.2,2,1311,0.5170731707317073,0.17473423233885282,0.00017825762430826822,0.11570501327514648
Neural Network,Random Sampling,0.2,3,1311,0.526829268292683,0.1670471167609667,0.0001750787099202474,0.11646636327107747
Neural Network,Random Sampling,0.2,4,1311,0.5140243902439025,0.16037274848999183,0.0001929601033528646,0.12277746200561523
Neural Network,Random Sampling,0.4,0,2623,0.5365853658536586,0.18272772472499807,0.0001521905263264974,0.13011757532755533
Neural Network,Random Sampling,0.4,1,2623,0.5432926829268293,0.1752681912688875,0.0001508792241414388,0.1326993703842163
Neural Network,Random Sampling,0.4,2,2623,0.5390243902439025,0.17282848573404097,0.00015223026275634766,0.12932844956715903
Neural Network,Random Sampling,0.4,3,2623,0.5378048780487805,0.1796386725097111,0.00016673405965169272,0.13296782970428467
Neural Network,Random Sampling,0.4,4,2623,0.5323170731707317,0.16683823693266306,0.0001480579376220703,0.1276015043258667
Neural Network,Random Sampling,0.6,0,3935,0.5426829268292683,0.17099205696384934,0.00014287233352661133,0.15432387590408325
Neural Network,Random Sampling,0.6,1,3935,0.5408536585365854,0.17744716203434208,0.00014090538024902344,0.15092334151268005
Neural Network,Random Sampling,0.6,2,3935,0.5420731707317074,0.16996514417409517,0.00014534592628479004,0.15922331809997559
Neural Network,Random Sampling,0.6,3,3935,0.5426829268292683,0.1858668741821901,0.00013595819473266602,0.1527480185031891
Neural Network,Random Sampling,0.6,4,3935,0.5304878048780488,0.16688794842782906,0.0001544356346130371,0.15709424018859863
Neural Network,Random Sampling,0.8,0,5247,0.5426829268292683,0.17568203279208688,0.00013479319485751066,0.19867992401123047
Neural Network,Random Sampling,0.8,1,5247,0.5402439024390244,0.1675137353116882,0.00013379617170854047,0.1940514174374667
Neural Network,Random Sampling,0.8,2,5247,0.5414634146341464,0.17863020714221317,0.0001468658447265625,0.193488056009466
Neural Network,Random Sampling,0.8,3,5247,0.5439024390243903,0.17565524014374814,0.0001322572881525213,0.20650254596363415
Neural Network,Random Sampling,0.8,4,5247,0.5378048780487805,0.1729803983345204,0.0001419024033979936,0.19956205107948996
Neural Network,Random Sampling,1.0,0,6559,0.5463414634146342,0.1780742446381878,0.00012236375075120194,0.22594046592712402
Neural Network,Random Sampling,1.0,1,6559,0.5445121951219513,0.18359846499343677,0.00011785213763897236,0.2157577551328219
Neural Network,Random Sampling,1.0,2,6559,0.5359756097560976,0.1537732254294884,0.00012819583599384015,0.22649794358473557
Neural Network,Random Sampling,1.0,3,6559,0.5469512195121952,0.18761087660476702,0.00011898921086237981,0.23708202288700983
Neural Network,Random Sampling,1.0,4,6559,0.5432926829268293,0.1773928893327603,0.00011990620539738581,0.2216809896322397
Neural Network,Entropy Sampling,0.2,0,1311,0.49146341463414633,0.18384953603178758,0.002631982167561849,0.11906393369038899
Neural Network,Entropy Sampling,0.2,1,1311,0.42560975609756097,0.1444751437866203,0.0025561650594075522,0.11641295750935872
Neural Network,Entropy Sampling,0.2,2,1311,0.5042682926829268,0.15928946475158728,0.0026082992553710938,0.11585084597269694
Neural Network,Entropy Sampling,0.2,3,1311,0.4871951219512195,0.19705996163817413,0.0025219122568766275,0.11585744222005208
Neural Network,Entropy Sampling,0.2,4,1311,0.5134146341463415,0.17831258338407438,0.002505779266357422,0.12081821759541829
Neural Network,Entropy Sampling,0.4,0,2623,0.5310975609756098,0.18787298424552532,0.0022111336390177407,0.13010148207346597
Neural Network,Entropy Sampling,0.4,1,2623,0.5219512195121951,0.16580106953059875,0.0022403796513875327,0.13677501678466797
Neural Network,Entropy Sampling,0.4,2,2623,0.5280487804878049,0.17189921522469892,0.0025630791982014975,0.13876585165659586
Neural Network,Entropy Sampling,0.4,3,2623,0.5365853658536586,0.18165109988551778,0.002267916997273763,0.13775845368703207
Neural Network,Entropy Sampling,0.4,4,2623,0.5463414634146342,0.18808516736997408,0.0021970272064208984,0.13374479611714682
Neural Network,Entropy Sampling,0.6,0,3935,0.5481707317073171,0.18880907220242735,0.002055734395980835,0.15025931596755981
Neural Network,Entropy Sampling,0.6,1,3935,0.5286585365853659,0.1695490930864368,0.0020967721939086914,0.15933644771575928
Neural Network,Entropy Sampling,0.6,2,3935,0.5390243902439025,0.19164019176133357,0.0023501217365264893,0.15298491716384888
Neural Network,Entropy Sampling,0.6,3,3935,0.5371951219512195,0.1766898647255667,0.002104461193084717,0.16231822967529297
Neural Network,Entropy Sampling,0.6,4,3935,0.5414634146341464,0.18432866981886586,0.002255737781524658,0.16036739945411682
Neural Network,Entropy Sampling,0.8,0,5247,0.5469512195121952,0.19788907506931222,0.001964612440629439,0.19584718617525967
Neural Network,Entropy Sampling,0.8,1,5247,0.5481707317073171,0.1962403386723683,0.002277894453568892,0.1958009979941628
Neural Network,Entropy Sampling,0.8,2,5247,0.5493902439024391,0.19387281291157,0.0018495429645885122,0.19560230862010608
Neural Network,Entropy Sampling,0.8,3,5247,0.5481707317073171,0.19883449152058666,0.0018808408216996627,0.19438797777349298
Neural Network,Entropy Sampling,0.8,4,5247,0.5542682926829269,0.19952721206239435,0.0022178129716352983,0.19752578301863236
Neural Network,Entropy Sampling,1.0,0,6559,0.5579268292682927,0.19251216171212615,0.001613928721501277,0.21904360331021822
Neural Network,Entropy Sampling,1.0,1,6559,0.551829268292683,0.18308888432045534,0.0016425022712120642,0.2173475852379432
Neural Network,Entropy Sampling,1.0,2,6559,0.5390243902439025,0.15999711589738522,0.00159454345703125,0.22601782358609712
Neural Network,Entropy Sampling,1.0,3,6559,0.5402439024390244,0.18893421059155618,0.0016193573291485126,0.2231756173647367
Neural Network,Entropy Sampling,1.0,4,6559,0.5384146341463415,0.1792424984498306,0.0015994952275202824,0.2203819568340595
Neural Network,Margin Sampling,0.2,0,1311,0.46646341463414637,0.17436917165602817,0.00257722536722819,0.11840224266052246
Neural Network,Margin Sampling,0.2,1,1311,0.5146341463414634,0.19522693045886172,0.002591371536254883,0.11700201034545898
Neural Network,Margin Sampling,0.2,2,1311,0.49085365853658536,0.17450889622441046,0.002541144688924154,0.1135083834330241
Neural Network,Margin Sampling,0.2,3,1311,0.5274390243902439,0.18644524527793413,0.0025618871053059897,0.11882360776265462
Neural Network,Margin Sampling,0.2,4,1311,0.5237804878048781,0.16394544787164503,0.0025451978047688804,0.12007411321004231
Neural Network,Margin Sampling,0.4,0,2623,0.524390243902439,0.2131649993618924,0.0028382142384847007,0.12892353534698486
Neural Network,Margin Sampling,0.4,1,2623,0.5414634146341464,0.17405223641840098,0.0022116899490356445,0.13319353262583414
Neural Network,Margin Sampling,0.4,2,2623,0.5304878048780488,0.19462502842891813,0.0021947622299194336,0.1374411185582479
Neural Network,Margin Sampling,0.4,3,2623,0.5432926829268293,0.19246017164142012,0.002209186553955078,0.12957096099853516
Neural Network,Margin Sampling,0.4,4,2623,0.5445121951219513,0.20640878994381634,0.0028729836146036782,0.12980751196543375
Neural Network,Margin Sampling,0.6,0,3935,0.5432926829268293,0.1937030248436075,0.0021036863327026367,0.15601962804794312
Neural Network,Margin Sampling,0.6,1,3935,0.5457317073170732,0.18827185279678646,0.0020408928394317627,0.1629648506641388
Neural Network,Margin Sampling,0.6,2,3935,0.552439024390244,0.19459484923319006,0.002080589532852173,0.1546953320503235
Neural Network,Margin Sampling,0.6,3,3935,0.551829268292683,0.1889690360599963,0.002102792263031006,0.15315628051757812
Neural Network,Margin Sampling,0.6,4,3935,0.550609756097561,0.19309278616839146,0.0031394660472869873,0.16622459888458252
Neural Network,Margin Sampling,0.8,0,5247,0.5396341463414634,0.18712218618405163,0.0017906535755504262,0.20319175720214844
Neural Network,Margin Sampling,0.8,1,5247,0.5487804878048781,0.1893273087997899,0.0018562620336359198,0.20581514185125177
Neural Network,Margin Sampling,0.8,2,5247,0.5463414634146342,0.18966652384130095,0.0017661614851518111,0.19907981699163263
Neural Network,Margin Sampling,0.8,3,5247,0.5481707317073171,0.1871088608435246,0.001823923804543235,0.19751232320612128
Neural Network,Margin Sampling,0.8,4,5247,0.5481707317073171,0.19628317592625738,0.0018258528275923295,0.1957052837718617
Neural Network,Margin Sampling,1.0,0,6559,0.5432926829268293,0.19186422166539158,0.0016698837280273438,0.22876767011789176
Neural Network,Margin Sampling,1.0,1,6559,0.5317073170731708,0.15819772882474067,0.0016736067258394682,0.23189968329209548
Neural Network,Margin Sampling,1.0,2,6559,0.5420731707317074,0.17319180570040285,0.0017067469083345854,0.2277249006124643
Neural Network,Margin Sampling,1.0,3,6559,0.5402439024390244,0.18427298206726636,0.0016631896679218,0.23125256024874175
Neural Network,Margin Sampling,1.0,4,6559,0.5439024390243903,0.16970237373735017,0.0016148273761455829,0.23021641144385704
Neural Network,Least Confidence,0.2,0,1311,0.4695121951219512,0.17244493408776995,0.002546389897664388,0.11842862764994304
Neural Network,Least Confidence,0.2,1,1311,0.4920731707317073,0.19101006968626433,0.002518256505330404,0.11725775400797527
Neural Network,Least Confidence,0.2,2,1311,0.5134146341463415,0.1809518221847144,0.002421776453653971,0.11654035250345866
Neural Network,Least Confidence,0.2,3,1311,0.45670731707317075,0.16914576547276236,0.002606471379597982,0.12854750951131186
Neural Network,Least Confidence,0.2,4,1311,0.47560975609756095,0.19509681997089284,0.003302892049153646,0.12235188484191895
Neural Network,Least Confidence,0.4,0,2623,0.5317073170731708,0.17778631264294345,0.0022052129109700522,0.13379085063934326
Neural Network,Least Confidence,0.4,1,2623,0.5475609756097561,0.1871330660967677,0.0022789637247721353,0.1389240821202596
Neural Network,Least Confidence,0.4,2,2623,0.5384146341463415,0.19144264517481763,0.002209782600402832,0.1344466209411621
Neural Network,Least Confidence,0.4,3,2623,0.5335365853658537,0.15741269191403048,0.0022330284118652344,0.1340263287226359
Neural Network,Least Confidence,0.4,4,2623,0.5365853658536586,0.19515041742784853,0.0021979411443074546,0.13715680440266928
Neural Network,Least Confidence,0.6,0,3935,0.5481707317073171,0.18792244856497659,0.0019847452640533447,0.1562032401561737
Neural Network,Least Confidence,0.6,1,3935,0.5439024390243903,0.1875574489593291,0.0020273029804229736,0.15438315272331238
Neural Network,Least Confidence,0.6,2,3935,0.5481707317073171,0.1935136584337619,0.0020697414875030518,0.1585060954093933
Neural Network,Least Confidence,0.6,3,3935,0.5396341463414634,0.1801529223032814,0.0022223591804504395,0.1518091857433319
Neural Network,Least Confidence,0.6,4,3935,0.5469512195121952,0.1982461641833588,0.0020667612552642822,0.1527913212776184
Neural Network,Least Confidence,0.8,0,5247,0.5469512195121952,0.19196700646680562,0.0017819187857887962,0.19749719446355646
Neural Network,Least Confidence,0.8,1,5247,0.5487804878048781,0.18104067291712717,0.0019255551424893465,0.2033050927248868
Neural Network,Least Confidence,0.8,2,5247,0.5469512195121952,0.1966096001488048,0.001873016357421875,0.19373934919183905
Neural Network,Least Confidence,0.8,3,5247,0.5408536585365854,0.1931058495089176,0.0017396753484552557,0.19185842167247424
Neural Network,Least Confidence,0.8,4,5247,0.551219512195122,0.19675776307331125,0.0017513578588312323,0.19321630217812277
Neural Network,Least Confidence,1.0,0,6559,0.5493902439024391,0.19351973474893228,0.0016560554504394531,0.22125858526963454
Neural Network,Least Confidence,1.0,1,6559,0.5469512195121952,0.17640744124159424,0.0019348034491905798,0.21644975588871881
Neural Network,Least Confidence,1.0,2,6559,0.5579268292682927,0.198436838011298,0.0015630905444805438,0.2175757334782527
Neural Network,Least Confidence,1.0,3,6559,0.5542682926829269,0.1885666678703855,0.0017405840066763072,0.2216964684999906
Neural Network,Least Confidence,1.0,4,6559,0.5384146341463415,0.17072842166194108,0.0015733058636005109,0.22134210513188288
Naive Bayes,Random Sampling,0.2,0,1311,0.06402439024390244,0.06397680658369592,0.00015282630920410156,0.0005844434102376302
Naive Bayes,Random Sampling,0.2,1,1311,0.06585365853658537,0.06261132907959649,0.00013868014017740885,0.0005753835042317709
Naive Bayes,Random Sampling,0.2,2,1311,0.056707317073170734,0.0539002780037636,0.00014988581339518228,0.0005714893341064453
Naive Bayes,Random Sampling,0.2,3,1311,0.04878048780487805,0.05809023137525615,0.0001433690388997396,0.000591119130452474
Naive Bayes,Random Sampling,0.2,4,1311,0.05060975609756098,0.05003924020270333,0.00013915697733561197,0.0005594094594319662
Naive Bayes,Random Sampling,0.4,0,2623,0.039634146341463415,0.03472178583618188,0.00012671947479248047,0.0007553497950236002
Naive Bayes,Random Sampling,0.4,1,2623,0.03780487804878049,0.04075198598038004,0.00012926260630289713,0.0007479588190714518
Naive Bayes,Random Sampling,0.4,2,2623,0.03780487804878049,0.03265713849812991,0.00013204415639241537,0.0007836023966471354
Naive Bayes,Random Sampling,0.4,3,2623,0.03475609756097561,0.03847418524023685,0.00013085206349690756,0.0007322231928507487
Naive Bayes,Random Sampling,0.4,4,2623,0.028658536585365855,0.025189455788761486,0.0001408259073893229,0.0007586081822713217
Naive Bayes,Random Sampling,0.6,0,3935,0.026829268292682926,0.03182115105053088,0.00012409687042236328,0.000841975212097168
Naive Bayes,Random Sampling,0.6,1,3935,0.02804878048780488,0.029228068348446157,0.00012451410293579102,0.0008659958839416504
Naive Bayes,Random Sampling,0.6,2,3935,0.024390243902439025,0.022737783727114127,0.00012955069541931152,0.0009260177612304688
Naive Bayes,Random Sampling,0.6,3,3935,0.024390243902439025,0.023873980576548395,0.0001341700553894043,0.001010984182357788
Naive Bayes,Random Sampling,0.6,4,3935,0.029878048780487804,0.027946766843622444,0.0001481175422668457,0.0009116530418395996
Naive Bayes,Random Sampling,0.8,0,5247,0.025,0.02434956234673787,0.0001243027773770419,0.0010906566273082387
Naive Bayes,Random Sampling,0.8,1,5247,0.02621951219512195,0.031036989038730985,0.00011827728965065695,0.0011669939214533026
Naive Bayes,Random Sampling,0.8,2,5247,0.026829268292682926,0.025162804129786484,0.00012083487077192827,0.0011032061143354936
Naive Bayes,Random Sampling,0.8,3,5247,0.025,0.02575532896573023,0.00011138482527299361,0.0010779987681995738
Naive Bayes,Random Sampling,0.8,4,5247,0.028658536585365855,0.028184344262724877,0.00012651356783780184,0.0011606433174826882
Naive Bayes,Random Sampling,1.0,0,6559,0.02621951219512195,0.028906239510391823,0.00010246496934157152,0.001263104952298678
Naive Bayes,Random Sampling,1.0,1,6559,0.02621951219512195,0.028906239510391823,0.00012074984036959134,0.0012985743009127104
Naive Bayes,Random Sampling,1.0,2,6559,0.02621951219512195,0.028906239510391823,9.489059448242188e-05,0.0011217777545635516
Naive Bayes,Random Sampling,1.0,3,6559,0.02621951219512195,0.028906239510391823,9.331336388221153e-05,0.0010965604048508864
Naive Bayes,Random Sampling,1.0,4,6559,0.02621951219512195,0.028906239510391823,9.366182180551383e-05,0.0011031811053936298
Naive Bayes,Entropy Sampling,0.2,0,1311,0.0701219512195122,0.07179854428838264,0.005115032196044922,0.0006769498189290365
Naive Bayes,Entropy Sampling,0.2,1,1311,0.08475609756097562,0.07036326455781687,0.005726257960001628,0.0006258487701416016
Naive Bayes,Entropy Sampling,0.2,2,1311,0.1024390243902439,0.06301336236034359,0.005398114522298177,0.0006639957427978516
Naive Bayes,Entropy Sampling,0.2,3,1311,0.1701219512195122,0.11544026896401448,0.005303780237833659,0.0006227493286132812
Naive Bayes,Entropy Sampling,0.2,4,1311,0.0524390243902439,0.04726004361918374,0.005238691965738933,0.0006253719329833984
Naive Bayes,Entropy Sampling,0.4,0,2623,0.031097560975609756,0.02211073576534485,0.004404862721761067,0.0007899999618530273
Naive Bayes,Entropy Sampling,0.4,1,2623,0.056707317073170734,0.038590175761908534,0.004594683647155762,0.0008107423782348633
Naive Bayes,Entropy Sampling,0.4,2,2623,0.10121951219512196,0.059857064917262774,0.004860242207845052,0.0008006890614827474
Naive Bayes,Entropy Sampling,0.4,3,2623,0.12682926829268293,0.07922160394535677,0.004702289899190267,0.0008145173390706381
Naive Bayes,Entropy Sampling,0.4,4,2623,0.04939024390243903,0.04582073744024354,0.0045689741770426435,0.0008035898208618164
Naive Bayes,Entropy Sampling,0.6,0,3935,0.032926829268292684,0.023582430268462417,0.003996551036834717,0.0008837878704071045
Naive Bayes,Entropy Sampling,0.6,1,3935,0.06097560975609756,0.051486938055748686,0.004120439291000366,0.0008845329284667969
Naive Bayes,Entropy Sampling,0.6,2,3935,0.09268292682926829,0.06056589422361025,0.004292279481887817,0.0008894503116607666
Naive Bayes,Entropy Sampling,0.6,3,3935,0.11951219512195121,0.07994873980702229,0.00424116849899292,0.0009011328220367432
Naive Bayes,Entropy Sampling,0.6,4,3935,0.04695121951219512,0.044636627050174404,0.004121571779251099,0.0008868575096130371
Naive Bayes,Entropy Sampling,0.8,0,5247,0.031097560975609756,0.03400020336305576,0.0034303881905295634,0.0010230974717573686
Naive Bayes,Entropy Sampling,0.8,1,5247,0.057926829268292686,0.04851603183736812,0.0034895376725630326,0.0010244196111505682
Naive Bayes,Entropy Sampling,0.8,2,5247,0.09207317073170732,0.05865110128238223,0.0039064884185791016,0.0010927156968550248
Naive Bayes,Entropy Sampling,0.8,3,5247,0.1,0.054849498874765916,0.0039639906449751424,0.001078410582108931
Naive Bayes,Entropy Sampling,0.8,4,5247,0.042682926829268296,0.034747807766688545,0.003648454492742365,0.0010640404441139915
Naive Bayes,Entropy Sampling,1.0,0,6559,0.02621951219512195,0.028906239510391823,0.0030595522660475513,0.001125317353468675
Naive Bayes,Entropy Sampling,1.0,1,6559,0.02621951219512195,0.028906239510391823,0.00307316046494704,0.0011177979982816256
Naive Bayes,Entropy Sampling,1.0,2,6559,0.02621951219512195,0.028906239510391823,0.003228425979614258,0.0011390906113844651
Naive Bayes,Entropy Sampling,1.0,3,6559,0.02621951219512195,0.028906239510391823,0.0031561484703650842,0.0011417865753173828
Naive Bayes,Entropy Sampling,1.0,4,6559,0.02621951219512195,0.028906239510391823,0.003110463802631085,0.0011494709895207332
Naive Bayes,Margin Sampling,0.2,0,1311,0.06951219512195123,0.07272826799013202,0.0048274993896484375,0.0005854765574137369
Naive Bayes,Margin Sampling,0.2,1,1311,0.09024390243902439,0.08421295582137472,0.005081733067830403,0.0006259282430013021
Naive Bayes,Margin Sampling,0.2,2,1311,0.1024390243902439,0.06187476039498316,0.005338986714680989,0.000675042470296224
Naive Bayes,Margin Sampling,0.2,3,1311,0.14878048780487804,0.10334689363996714,0.005119164784749349,0.0006132125854492188
Naive Bayes,Margin Sampling,0.2,4,1311,0.0524390243902439,0.04726004361918374,0.00503087043762207,0.0006467501322428385
Naive Bayes,Margin Sampling,0.4,0,2623,0.05853658536585366,0.05932322758125033,0.004360318183898926,0.0008138020833333334
Naive Bayes,Margin Sampling,0.4,1,2623,0.06463414634146342,0.05178394561364548,0.004822651545206706,0.0008116960525512695
Naive Bayes,Margin Sampling,0.4,2,2623,0.10121951219512196,0.059857064917262774,0.005162477493286133,0.0008272727330525717
Naive Bayes,Margin Sampling,0.4,3,2623,0.1225609756097561,0.07398592815792014,0.004558722178141276,0.0007975101470947266
Naive Bayes,Margin Sampling,0.4,4,2623,0.04939024390243903,0.04582073744024354,0.004507859547932942,0.0008105039596557617
Naive Bayes,Margin Sampling,0.6,0,3935,0.05426829268292683,0.05582997832705407,0.0040350258350372314,0.0008936822414398193
Naive Bayes,Margin Sampling,0.6,1,3935,0.07378048780487804,0.06664483194237888,0.004104018211364746,0.0009048283100128174
Naive Bayes,Margin Sampling,0.6,2,3935,0.09268292682926829,0.06056589422361025,0.004286289215087891,0.0009210407733917236
Naive Bayes,Margin Sampling,0.6,3,3935,0.046341463414634146,0.04515330378472207,0.004159480333328247,0.0008836686611175537
Naive Bayes,Margin Sampling,0.6,4,3935,0.04695121951219512,0.044636627050174404,0.004117757081985474,0.000907599925994873
Naive Bayes,Margin Sampling,0.8,0,5247,0.05304878048780488,0.056509986784320114,0.003480065952647816,0.001051729375665838
Naive Bayes,Margin Sampling,0.8,1,5247,0.06219512195121951,0.05853483683561459,0.0035206621343439274,0.0010302066802978516
Naive Bayes,Margin Sampling,0.8,2,5247,0.032926829268292684,0.036921693192592156,0.003627213564786044,0.0010276490991765802
Naive Bayes,Margin Sampling,0.8,3,5247,0.048170731707317074,0.05114863455760736,0.0035288117148659444,0.001027692448009144
Naive Bayes,Margin Sampling,0.8,4,5247,0.06707317073170732,0.0705514717970359,0.003516478972001509,0.0010427344929088247
Naive Bayes,Margin Sampling,1.0,0,6559,0.02621951219512195,0.028906239510391823,0.002984138635488657,0.0011338820824256311
Naive Bayes,Margin Sampling,1.0,1,6559,0.02621951219512195,0.028906239510391823,0.003083027326143705,0.0011305809020996094
Naive Bayes,Margin Sampling,1.0,2,6559,0.02621951219512195,0.028906239510391823,0.0031920579763559196,0.0011525154113769531
Naive Bayes,Margin Sampling,1.0,3,6559,0.02621951219512195,0.028906239510391823,0.00307772709773137,0.0011413830977219802
Naive Bayes,Margin Sampling,1.0,4,6559,0.02621951219512195,0.028906239510391823,0.003094654816847581,0.0011469400846041166
Naive Bayes,Least Confidence,0.2,0,1311,0.06951219512195123,0.07272826799013202,0.004575967788696289,0.0006239414215087891
Naive Bayes,Least Confidence,0.2,1,1311,0.08536585365853659,0.07243377310311486,0.005056222279866536,0.0006548563639322916
Naive Bayes,Least Confidence,0.2,2,1311,0.1024390243902439,0.06187476039498316,0.005280097325642903,0.0006415843963623047
Naive Bayes,Least Confidence,0.2,3,1311,0.14878048780487804,0.10320450657926962,0.004973888397216797,0.0006615320841471354
Naive Bayes,Least Confidence,0.2,4,1311,0.0524390243902439,0.04726004361918374,0.004824399948120117,0.0006376107533772787
Naive Bayes,Least Confidence,0.4,0,2623,0.05853658536585366,0.05932322758125033,0.004769961039225261,0.0008111397425333658
Naive Bayes,Least Confidence,0.4,1,2623,0.056707317073170734,0.038590175761908534,0.004302302996317546,0.000800927480061849
Naive Bayes,Least Confidence,0.4,2,2623,0.10121951219512196,0.059857064917262774,0.004505832990010579,0.0007938146591186523
Naive Bayes,Least Confidence,0.4,3,2623,0.11585365853658537,0.06025574614813611,0.0045473575592041016,0.0008392333984375
Naive Bayes,Least Confidence,0.4,4,2623,0.04939024390243903,0.04582073744024354,0.004409591356913249,0.000844120979309082
Naive Bayes,Least Confidence,0.6,0,3935,0.05426829268292683,0.05582997832705407,0.003844231367111206,0.0008916258811950684
Naive Bayes,Least Confidence,0.6,1,3935,0.06097560975609756,0.05178287525004763,0.003922164440155029,0.0008854269981384277
Naive Bayes,Least Confidence,0.6,2,3935,0.09268292682926829,0.06056589422361025,0.004134833812713623,0.0008937418460845947
Naive Bayes,Least Confidence,0.6,3,3935,0.11646341463414635,0.06400812752824031,0.00403982400894165,0.0009004771709442139
Naive Bayes,Least Confidence,0.6,4,3935,0.04695121951219512,0.044636627050174404,0.0039598047733306885,0.0009150207042694092
Naive Bayes,Least Confidence,0.8,0,5247,0.036585365853658534,0.03905424023927613,0.0033097917383367367,0.0010597489096901634
Naive Bayes,Least Confidence,0.8,1,5247,0.05,0.0480066658269254,0.0033767223358154297,0.001063195141878995
Naive Bayes,Least Confidence,0.8,2,5247,0.03353658536585366,0.03618140910275742,0.0035271427848122335,0.0010341730984774504
Naive Bayes,Least Confidence,0.8,3,5247,0.10609756097560975,0.06159905831698339,0.0034459937702525745,0.0010638236999511719
Naive Bayes,Least Confidence,0.8,4,5247,0.060365853658536583,0.0648046550620392,0.003318721597844904,0.0010306618430397727
Naive Bayes,Least Confidence,1.0,0,6559,0.02621951219512195,0.028906239510391823,0.002971245692326472,0.0011590810922475962
Naive Bayes,Least Confidence,1.0,1,6559,0.02621951219512195,0.028906239510391823,0.0029822496267465446,0.0011344689589280349
Naive Bayes,Least Confidence,1.0,2,6559,0.02621951219512195,0.028906239510391823,0.0030616246736966646,0.0011531573075514573
Naive Bayes,Least Confidence,1.0,3,6559,0.02621951219512195,0.028906239510391823,0.0030004244584303638,0.0011277932387131911
Naive Bayes,Least Confidence,1.0,4,6559,0.02621951219512195,0.028906239510391823,0.0029822312868558443,0.0011335152846116286
Random Forest,Random Sampling,0.2,0,1311,0.48109756097560974,0.20305511853085964,0.000156402587890625,0.08821940422058105
Random Forest,Random Sampling,0.2,1,1311,0.4658536585365854,0.22310606623948492,0.00015171368916829428,0.08590888977050781
Random Forest,Random Sampling,0.2,2,1311,0.4823170731707317,0.23578187356037938,0.0001835028330485026,0.08586859703063965
Random Forest,Random Sampling,0.2,3,1311,0.4676829268292683,0.23656912519452034,0.00015004475911458334,0.08667771021525066
Random Forest,Random Sampling,0.2,4,1311,0.4609756097560976,0.220820056284229,0.0001933574676513672,0.08732414245605469
Random Forest,Random Sampling,0.4,0,2623,0.4798780487804878,0.21655300480701786,0.0001427332560221354,0.09106302261352539
Random Forest,Random Sampling,0.4,1,2623,0.45365853658536587,0.20156220462003585,0.00015652179718017578,0.08691199620564778
Random Forest,Random Sampling,0.4,2,2623,0.4658536585365854,0.23726608124956933,0.00013895829518636069,0.08729231357574463
Random Forest,Random Sampling,0.4,3,2623,0.4792682926829268,0.23828985039223863,0.00014921029408772787,0.08895444869995117
Random Forest,Random Sampling,0.4,4,2623,0.4603658536585366,0.2213726621118654,0.00015270709991455078,0.091697891553243
Random Forest,Random Sampling,0.6,0,3935,0.4689024390243902,0.2163669454319648,0.00014078617095947266,0.08690875768661499
Random Forest,Random Sampling,0.6,1,3935,0.45914634146341465,0.20652082843600075,0.0001361370086669922,0.089599609375
Random Forest,Random Sampling,0.6,2,3935,0.475,0.22992416760864534,0.00013837218284606934,0.0909934937953949
Random Forest,Random Sampling,0.6,3,3935,0.47317073170731705,0.22431149167537395,0.00013807415962219238,0.08710077404975891
Random Forest,Random Sampling,0.6,4,3935,0.4792682926829268,0.2328281128645417,0.00013765692710876465,0.09145119786262512
Random Forest,Random Sampling,0.8,0,5247,0.47012195121951217,0.22455709056013953,0.00012146342884410511,0.09079783613031561
Random Forest,Random Sampling,0.8,1,5247,0.4560975609756098,0.2270153329887449,0.0001269253817471591,0.09166966785084117
Random Forest,Random Sampling,0.8,2,5247,0.47317073170731705,0.22554155509628057,0.0001276839863170277,0.09115130251104181
Random Forest,Random Sampling,0.8,3,5247,0.4603658536585366,0.21615574352370592,0.0001210299405184659,0.09094236113808372
Random Forest,Random Sampling,0.8,4,5247,0.4719512195121951,0.2251074969180969,0.00012649189342151988,0.09222704713994806
Random Forest,Random Sampling,1.0,0,6559,0.4725609756097561,0.23275232626994502,0.000130158204298753,0.09457861460172214
Random Forest,Random Sampling,1.0,1,6559,0.47073170731707314,0.23036092253507137,0.00011645830594576322,0.09391588431138259
Random Forest,Random Sampling,1.0,2,6559,0.4713414634146341,0.23421866214836898,0.00012669196495643028,0.09326446973360501
Random Forest,Random Sampling,1.0,3,6559,0.4713414634146341,0.2305215134868654,0.00011658668518066406,0.0933978924384484
Random Forest,Random Sampling,1.0,4,6559,0.47073170731707314,0.2296703849781571,0.00011893419119027945,0.09407610159653884
Random Forest,Entropy Sampling,0.2,0,1311,0.4792682926829268,0.23528284467010652,0.012905597686767578,0.08498930931091309
Random Forest,Entropy Sampling,0.2,1,1311,0.4585365853658537,0.2179458963298624,0.016108115514119465,0.08746147155761719
Random Forest,Entropy Sampling,0.2,2,1311,0.49329268292682926,0.2553962591101183,0.01295797030131022,0.0857538382212321
Random Forest,Entropy Sampling,0.2,3,1311,0.4945121951219512,0.2120704897684574,0.01277470588684082,0.08216659228006999
Random Forest,Entropy Sampling,0.2,4,1311,0.4634146341463415,0.2126158046820402,0.012844085693359375,0.08644700050354004
Random Forest,Entropy Sampling,0.4,0,2623,0.5060975609756098,0.23377717008912105,0.016067783037821453,0.08878723780314128
Random Forest,Entropy Sampling,0.4,1,2623,0.5103658536585366,0.22436450562423557,0.01312565803527832,0.08849640687306722
Random Forest,Entropy Sampling,0.4,2,2623,0.5,0.23806916171365552,0.014400641123453775,0.08644493420918782
Random Forest,Entropy Sampling,0.4,3,2623,0.4841463414634146,0.218479333130729,0.012766242027282715,0.08920729160308838
Random Forest,Entropy Sampling,0.4,4,2623,0.4603658536585366,0.21117666617491532,0.014495611190795898,0.08866624037424724
Random Forest,Entropy Sampling,0.6,0,3935,0.5079268292682927,0.22191129103808946,0.015156596899032593,0.08624586462974548
Random Forest,Entropy Sampling,0.6,1,3935,0.5128048780487805,0.22207534695107212,0.012679308652877808,0.08803427219390869
Random Forest,Entropy Sampling,0.6,2,3935,0.5134146341463415,0.2304697735348017,0.0151289701461792,0.10187432169914246
Random Forest,Entropy Sampling,0.6,3,3935,0.5097560975609756,0.24407546800218385,0.013912677764892578,0.09222695231437683
Random Forest,Entropy Sampling,0.6,4,3935,0.4902439024390244,0.2168704069437761,0.012643128633499146,0.0881209671497345
Random Forest,Entropy Sampling,0.8,0,5247,0.49329268292682926,0.23689351726772212,0.013575163754549894,0.09023048660971901
Random Forest,Entropy Sampling,0.8,1,5247,0.5030487804878049,0.2249320132816163,0.012733741240067915,0.09315750815651634
Random Forest,Entropy Sampling,0.8,2,5247,0.49329268292682926,0.2155144094580359,0.014398618177934126,0.09361895647915927
Random Forest,Entropy Sampling,0.8,3,5247,0.5048780487804878,0.2363276646516299,0.013685985044999556,0.093348351391879
Random Forest,Entropy Sampling,0.8,4,5247,0.4920731707317073,0.2304630385314853,0.013515168970281427,0.09063690358942206
Random Forest,Entropy Sampling,1.0,0,6559,0.4713414634146341,0.23085465970788693,0.014116250551663913,0.09359884262084961
Random Forest,Entropy Sampling,1.0,1,6559,0.47317073170731705,0.23629545510551267,0.013705051862276517,0.09373688697814941
Random Forest,Entropy Sampling,1.0,2,6559,0.4719512195121951,0.23053398292795743,0.013420398418719951,0.09471999681912936
Random Forest,Entropy Sampling,1.0,3,6559,0.4719512195121951,0.2354849606917847,0.012636258051945614,0.09435534477233887
Random Forest,Entropy Sampling,1.0,4,6559,0.4695121951219512,0.2253417443238827,0.013393383759718675,0.09374150863060585
Random Forest,Margin Sampling,0.2,0,1311,0.4682926829268293,0.22406994729866783,0.016149520874023438,0.08896303176879883
Random Forest,Margin Sampling,0.2,1,1311,0.49878048780487805,0.21621158089518952,0.01629217465718587,0.0888839562733968
Random Forest,Margin Sampling,0.2,2,1311,0.501219512195122,0.22458786009312437,0.01944597562154134,0.08716058731079102
Random Forest,Margin Sampling,0.2,3,1311,0.5213414634146342,0.2448548145798218,0.016080379486083984,0.08446017901102702
Random Forest,Margin Sampling,0.2,4,1311,0.4847560975609756,0.20525073329503465,0.022889137268066406,0.08841053644816081
Random Forest,Margin Sampling,0.4,0,2623,0.5170731707317073,0.2388105645486849,0.012640953063964844,0.08703156312306722
Random Forest,Margin Sampling,0.4,1,2623,0.5213414634146342,0.22474047052575774,0.016057570775349934,0.08910421530405681
Random Forest,Margin Sampling,0.4,2,2623,0.5213414634146342,0.23566096270304224,0.016018788019816082,0.0898590882619222
Random Forest,Margin Sampling,0.4,3,2623,0.5280487804878049,0.22824618745161768,0.012480735778808594,0.088958740234375
Random Forest,Margin Sampling,0.4,4,2623,0.5164634146341464,0.21890898001730108,0.015934467315673828,0.08882558345794678
Random Forest,Margin Sampling,0.6,0,3935,0.5225609756097561,0.2424015713452994,0.01534762978553772,0.08649757504463196
Random Forest,Margin Sampling,0.6,1,3935,0.5195121951219512,0.23169659937453643,0.015374243259429932,0.0877920389175415
Random Forest,Margin Sampling,0.6,2,3935,0.5085365853658537,0.23819534676668924,0.012483865022659302,0.08818408846855164
Random Forest,Margin Sampling,0.6,3,3935,0.5164634146341464,0.22802762617960573,0.015075266361236572,0.0901130735874176
Random Forest,Margin Sampling,0.6,4,3935,0.5121951219512195,0.22008271431750448,0.013879626989364624,0.08845886588096619
Random Forest,Margin Sampling,0.8,0,5247,0.4969512195121951,0.2378648968039242,0.014274402098222212,0.09199877218766646
Random Forest,Margin Sampling,0.8,1,5247,0.49817073170731707,0.22283973343902247,0.014551942998712713,0.09237174554304643
Random Forest,Margin Sampling,0.8,2,5247,0.4945121951219512,0.21841126371055175,0.012484073638916016,0.09086795286698775
Random Forest,Margin Sampling,0.8,3,5247,0.4878048780487805,0.21818361359287125,0.014497908678921785,0.08960038965398615
Random Forest,Margin Sampling,0.8,4,5247,0.499390243902439,0.22877345959649287,0.01448546756397594,0.09141325950622559
Random Forest,Margin Sampling,1.0,0,6559,0.47012195121951217,0.23473073900514732,0.013226692493145283,0.09387485797588642
Random Forest,Margin Sampling,1.0,1,6559,0.4713414634146341,0.22724686737728395,0.013226637473473182,0.09292114697969876
Random Forest,Margin Sampling,1.0,2,6559,0.47317073170731705,0.23241615950231742,0.01338969744168795,0.09464218066288875
Random Forest,Margin Sampling,1.0,3,6559,0.47073170731707314,0.22653618481948742,0.014033794403076172,0.09591484069824219
Random Forest,Margin Sampling,1.0,4,6559,0.47012195121951217,0.2307243156806715,0.013371449250441331,0.09494548577528733
Random Forest,Least Confidence,0.2,0,1311,0.4926829268292683,0.23797226679775074,0.01949318250020345,0.08351755142211914
Random Forest,Least Confidence,0.2,1,1311,0.5,0.22662993596506953,0.012890815734863281,0.08652456601460774
Random Forest,Least Confidence,0.2,2,1311,0.4768292682926829,0.22007226060672164,0.019561211268107098,0.08907874425252278
Random Forest,Least Confidence,0.2,3,1311,0.5024390243902439,0.20154708770531105,0.01627500851949056,0.08990685145060222
Random Forest,Least Confidence,0.2,4,1311,0.48109756097560974,0.22000686981290413,0.022768259048461914,0.08961033821105957
Random Forest,Least Confidence,0.4,0,2623,0.5182926829268293,0.25824480501834995,0.014189918835957846,0.08820108572642009
Random Forest,Least Confidence,0.4,1,2623,0.5170731707317073,0.22184070377658163,0.01596566041310628,0.08879562218983968
Random Forest,Least Confidence,0.4,2,2623,0.5018292682926829,0.2402371061546953,0.016110976537068684,0.08660320440928142
Random Forest,Least Confidence,0.4,3,2623,0.5103658536585366,0.21797964246291157,0.016159812609354656,0.0880754788716634
Random Forest,Least Confidence,0.4,4,2623,0.4969512195121951,0.2136760431150425,0.014205217361450195,0.0883649190266927
Random Forest,Least Confidence,0.6,0,3935,0.5128048780487805,0.2308923667452415,0.015031963586807251,0.08792468905448914
Random Forest,Least Confidence,0.6,1,3935,0.5182926829268293,0.22803018883567303,0.015119224786758423,0.0879884660243988
Random Forest,Least Confidence,0.6,2,3935,0.5091463414634146,0.22647775182597416,0.01373755931854248,0.08765271306037903
Random Forest,Least Confidence,0.6,3,3935,0.5170731707317073,0.22172535607286212,0.012477278709411621,0.08950752019882202
Random Forest,Least Confidence,0.6,4,3935,0.5091463414634146,0.23257019340881346,0.014256268739700317,0.08884438872337341
Random Forest,Least Confidence,0.8,0,5247,0.49573170731707317,0.23705728098112497,0.013535217805342241,0.09170445528897372
Random Forest,Least Confidence,0.8,1,5247,0.5018292682926829,0.2172141522859576,0.01542706923051314,0.09273587573658336
Random Forest,Least Confidence,0.8,2,5247,0.4945121951219512,0.20925383721209057,0.014380043203180487,0.09129470044916327
Random Forest,Least Confidence,0.8,3,5247,0.5018292682926829,0.22604344109161292,0.012560562653975054,0.09433243491432884
Random Forest,Least Confidence,0.8,4,5247,0.49329268292682926,0.22641280121564863,0.01525525613264604,0.09101748466491699
Random Forest,Least Confidence,1.0,0,6559,0.47012195121951217,0.22911104690594433,0.014023505724393405,0.09524981792156513
Random Forest,Least Confidence,1.0,1,6559,0.4695121951219512,0.22546268300227837,0.013260162793673001,0.09237195895268367
Random Forest,Least Confidence,1.0,2,6559,0.4719512195121951,0.2305949619740628,0.014137763243455153,0.09357962241539589
Random Forest,Least Confidence,1.0,3,6559,0.4725609756097561,0.22810988983494557,0.014128795036902795,0.09351631311269906
Random Forest,Least Confidence,1.0,4,6559,0.47073170731707314,0.2294055040396744,0.01340932112473708,0.09380294726445125
Logistic Regression,Random Sampling,0.2,0,1311,0.5353658536585366,0.18386136867579164,0.00014885266621907553,0.3164353370666504
Logistic Regression,Random Sampling,0.2,1,1311,0.5439024390243903,0.17843199220759856,0.00015505154927571615,0.24092801411946616
Logistic Regression,Random Sampling,0.2,2,1311,0.5487804878048781,0.18786935946529645,0.00016156832377115885,0.27280227343241376
Logistic Regression,Random Sampling,0.2,3,1311,0.5542682926829269,0.18453903094667284,0.0001490910847981771,0.31711753209431964
Logistic Regression,Random Sampling,0.2,4,1311,0.5353658536585366,0.1736439479538071,0.00016864140828450522,0.3136308987935384
Logistic Regression,Random Sampling,0.4,0,2623,0.5310975609756098,0.17887704565249862,0.00013836224873860678,0.7096566359202067
Logistic Regression,Random Sampling,0.4,1,2623,0.5530487804878049,0.1955701137374001,0.00014479955037434897,0.6781599124272665
Logistic Regression,Random Sampling,0.4,2,2623,0.551829268292683,0.18479206612641436,0.00014428297678629556,0.6863614718119303
Logistic Regression,Random Sampling,0.4,3,2623,0.551829268292683,0.18555564642614908,0.00017881393432617188,0.7088072697321574
Logistic Regression,Random Sampling,0.4,4,2623,0.5445121951219513,0.18480763202705353,0.00014885266621907553,0.7102539936701456
Logistic Regression,Random Sampling,0.6,0,3935,0.5371951219512195,0.18353713767616867,0.00015875697135925293,0.9697316288948059
Logistic Regression,Random Sampling,0.6,1,3935,0.5402439024390244,0.19304952609200804,0.00013121962547302246,0.9443837404251099
Logistic Regression,Random Sampling,0.6,2,3935,0.5445121951219513,0.1831347190940643,0.00014013051986694336,0.9532194137573242
Logistic Regression,Random Sampling,0.6,3,3935,0.5591463414634147,0.1924930775904256,0.00018402934074401855,0.9707604050636292
Logistic Regression,Random Sampling,0.6,4,3935,0.5481707317073171,0.1882014366635002,0.0001322329044342041,1.0146473348140717
Logistic Regression,Random Sampling,0.8,0,5247,0.5347560975609756,0.183908485440939,0.00013702565973455256,1.3603645021265203
Logistic Regression,Random Sampling,0.8,1,5247,0.5371951219512195,0.18895471274190737,0.00013375282287597656,1.3398675268346614
Logistic Regression,Random Sampling,0.8,2,5247,0.5469512195121952,0.1857657932819533,0.00012755393981933594,1.3729784488677979
Logistic Regression,Random Sampling,0.8,3,5247,0.55,0.19310930939942647,0.00013555179942737925,1.3586929494684392
Logistic Regression,Random Sampling,0.8,4,5247,0.5384146341463415,0.186160291736474,0.0001314336603338068,1.3588333563371138
Logistic Regression,Random Sampling,1.0,0,6559,0.5396341463414634,0.18826070977387632,0.0001122584709754357,1.6175666589003344
Logistic Regression,Random Sampling,1.0,1,6559,0.5396341463414634,0.18826070977387632,0.00011275364802433894,1.6006342080923228
Logistic Regression,Random Sampling,1.0,2,6559,0.5396341463414634,0.18826070977387632,0.00012296896714430588,1.6186449711139386
Logistic Regression,Random Sampling,1.0,3,6559,0.5396341463414634,0.18826070977387632,0.00011084629939152644,1.6344596606034498
Logistic Regression,Random Sampling,1.0,4,6559,0.5396341463414634,0.18826070977387632,0.00013380784254807694,1.6349586706895094
Logistic Regression,Entropy Sampling,0.2,0,1311,0.4817073170731707,0.20151825958815164,0.001494010289510091,0.3133877118428548
Logistic Regression,Entropy Sampling,0.2,1,1311,0.4689024390243902,0.16333242731013362,0.0018611749013264973,0.2802738348642985
Logistic Regression,Entropy Sampling,0.2,2,1311,0.5030487804878049,0.16073574422703918,0.0015865166982014973,0.3166498343149821
Logistic Regression,Entropy Sampling,0.2,3,1311,0.5,0.19313463440660825,0.0014121532440185547,0.3197004000345866
Logistic Regression,Entropy Sampling,0.2,4,1311,0.5219512195121951,0.17734108424640616,0.0019045670827229817,0.2901891867319743
Logistic Regression,Entropy Sampling,0.4,0,2623,0.4926829268292683,0.19667161184453621,0.0013881127039591472,0.7206247250239054
Logistic Regression,Entropy Sampling,0.4,1,2623,0.5164634146341464,0.17577821219262685,0.0014832814534505208,0.7032407522201538
Logistic Regression,Entropy Sampling,0.4,2,2623,0.5463414634146342,0.1836481720060753,0.0012316306432088215,0.724531332651774
Logistic Regression,Entropy Sampling,0.4,3,2623,0.5439024390243903,0.17461962202284964,0.0013234615325927734,0.7225035031636556
Logistic Regression,Entropy Sampling,0.4,4,2623,0.5304878048780488,0.19043668195510002,0.001374959945678711,0.7041825453440348
Logistic Regression,Entropy Sampling,0.6,0,3935,0.5341463414634147,0.17809406369225037,0.0012866556644439697,0.9789048135280609
Logistic Regression,Entropy Sampling,0.6,1,3935,0.5329268292682927,0.17571295460884562,0.0013165473937988281,0.9650028347969055
Logistic Regression,Entropy Sampling,0.6,2,3935,0.5432926829268293,0.1871107142798557,0.0014094710350036621,0.9841811060905457
Logistic Regression,Entropy Sampling,0.6,3,3935,0.5420731707317074,0.17391072347816122,0.0012585222721099854,0.9793210923671722
Logistic Regression,Entropy Sampling,0.6,4,3935,0.5426829268292683,0.1911759357266846,0.0015316903591156006,0.9707499444484711
Logistic Regression,Entropy Sampling,0.8,0,5247,0.5317073170731708,0.19831692884520535,0.0011737346649169922,1.3757587562907825
Logistic Regression,Entropy Sampling,0.8,1,5247,0.5463414634146342,0.19709532065181504,0.0011464465748180044,1.3606480251659046
Logistic Regression,Entropy Sampling,0.8,2,5247,0.5481707317073171,0.18662634439622763,0.0009551048278808594,1.3724752339449795
Logistic Regression,Entropy Sampling,0.8,3,5247,0.5432926829268293,0.1878165524589338,0.0009899139404296875,1.3704214963045986
Logistic Regression,Entropy Sampling,0.8,4,5247,0.550609756097561,0.20250020300578842,0.0009783831509676847,1.3576226451180198
Logistic Regression,Entropy Sampling,1.0,0,6559,0.5396341463414634,0.18826070977387632,0.0009153439448429988,1.6232258539933424
Logistic Regression,Entropy Sampling,1.0,1,6559,0.5396341463414634,0.18826070977387632,0.0009816426497239333,1.6134107663081243
Logistic Regression,Entropy Sampling,1.0,2,6559,0.5396341463414634,0.18826070977387632,0.000909878657414363,1.6223309773665209
Logistic Regression,Entropy Sampling,1.0,3,6559,0.5396341463414634,0.18826070977387632,0.0011039147010216345,1.6220519359295185
Logistic Regression,Entropy Sampling,1.0,4,6559,0.5396341463414634,0.18826070977387632,0.0010377076955942006,1.615867046209482
Logistic Regression,Margin Sampling,0.2,0,1311,0.5030487804878049,0.15176915871640878,0.002308368682861328,0.2981855869293213
Logistic Regression,Margin Sampling,0.2,1,1311,0.5280487804878049,0.17240223431091653,0.0020635128021240234,0.29087646802266437
Logistic Regression,Margin Sampling,0.2,2,1311,0.525,0.17914570632706717,0.0014084180196126301,0.27988409996032715
Logistic Regression,Margin Sampling,0.2,3,1311,0.5335365853658537,0.19263233788483347,0.0014795462290445964,0.3036970297495524
Logistic Regression,Margin Sampling,0.2,4,1311,0.5329268292682927,0.18133551406385917,0.0014426708221435547,0.27573474248250324
Logistic Regression,Margin Sampling,0.4,0,2623,0.5323170731707317,0.1869993475436601,0.0012590090433756511,0.7049915393193563
Logistic Regression,Margin Sampling,0.4,1,2623,0.5353658536585366,0.17897743385043816,0.0014611879984537761,0.7011600335439047
Logistic Regression,Margin Sampling,0.4,2,2623,0.5463414634146342,0.19121586874760396,0.0012793938318888347,0.6982071002324423
Logistic Regression,Margin Sampling,0.4,3,2623,0.5554878048780488,0.19287574646075809,0.0016528765360514324,0.7064832448959351
Logistic Regression,Margin Sampling,0.4,4,2623,0.5408536585365854,0.18996650802279424,0.0014772415161132812,0.7114400863647461
Logistic Regression,Margin Sampling,0.6,0,3935,0.5231707317073171,0.18705003688781396,0.001435309648513794,0.9686707854270935
Logistic Regression,Margin Sampling,0.6,1,3935,0.525,0.17819489258913834,0.001206904649734497,0.9613381624221802
Logistic Regression,Margin Sampling,0.6,2,3935,0.5396341463414634,0.18444347562078525,0.0012063086032867432,0.9722278416156769
Logistic Regression,Margin Sampling,0.6,3,3935,0.5426829268292683,0.18480181208695143,0.0014206469058990479,0.9703613817691803
Logistic Regression,Margin Sampling,0.6,4,3935,0.5353658536585366,0.1839458436937034,0.0013018548488616943,0.959191232919693
Logistic Regression,Margin Sampling,0.8,0,5247,0.5286585365853659,0.189440780962523,0.0010679635134610262,1.359782500700517
Logistic Regression,Margin Sampling,0.8,1,5247,0.5378048780487805,0.1872490841517046,0.0009871396151455965,1.3574244325811213
Logistic Regression,Margin Sampling,0.8,2,5247,0.551829268292683,0.19594448543847945,0.001135110855102539,1.3561889041553845
Logistic Regression,Margin Sampling,0.8,3,5247,0.5451219512195122,0.18238979924129606,0.001011935147372159,1.3601042790846392
Logistic Regression,Margin Sampling,0.8,4,5247,0.5469512195121952,0.19298748882723066,0.0011058720675381746,1.3545078147541394
Logistic Regression,Margin Sampling,1.0,0,6559,0.5396341463414634,0.18826070977387632,0.0011213009174053485,1.6272341104654164
Logistic Regression,Margin Sampling,1.0,1,6559,0.5396341463414634,0.18826070977387632,0.0010365156026986928,1.6225109650538518
Logistic Regression,Margin Sampling,1.0,2,6559,0.5396341463414634,0.18826070977387632,0.0009977083939772386,1.6187128470494196
Logistic Regression,Margin Sampling,1.0,3,6559,0.5396341463414634,0.18826070977387632,0.0010323891272911658,1.624800021831806
Logistic Regression,Margin Sampling,1.0,4,6559,0.5396341463414634,0.18826070977387632,0.0009796069218562199,1.614513947413518
Logistic Regression,Least Confidence,0.2,0,1311,0.4902439024390244,0.20668937259903716,0.0014044443766276042,0.30339805285135907
Logistic Regression,Least Confidence,0.2,1,1311,0.5341463414634147,0.17874705297240284,0.0013741652170817058,0.29270346959431964
Logistic Regression,Least Confidence,0.2,2,1311,0.5292682926829269,0.16945884655874033,0.0014502207438151042,0.3137606779734294
Logistic Regression,Least Confidence,0.2,3,1311,0.5176829268292683,0.17990181807867459,0.0018258094787597656,0.30432931582132977
Logistic Regression,Least Confidence,0.2,4,1311,0.5365853658536586,0.18778703128022997,0.0019287268320719402,0.2522093454996745
Logistic Regression,Least Confidence,0.4,0,2623,0.5128048780487805,0.1828925842811637,0.0014296770095825195,0.713123083114624
Logistic Regression,Least Confidence,0.4,1,2623,0.5378048780487805,0.18703706462104586,0.0016432603200276692,0.7580457131067911
Logistic Regression,Least Confidence,0.4,2,2623,0.5469512195121952,0.18883513779422023,0.001204848289489746,0.7071324984232584
Logistic Regression,Least Confidence,0.4,3,2623,0.5304878048780488,0.1776032479897152,0.0015426476796468098,0.7120444774627686
Logistic Regression,Least Confidence,0.4,4,2623,0.5439024390243903,0.19352084863234545,0.0012444655100504558,0.6821151574452718
Logistic Regression,Least Confidence,0.6,0,3935,0.5317073170731708,0.1985251132749191,0.0013031065464019775,0.9712168276309967
Logistic Regression,Least Confidence,0.6,1,3935,0.5487804878048781,0.19297787151257972,0.0011532604694366455,0.9666028618812561
Logistic Regression,Least Confidence,0.6,2,3935,0.5439024390243903,0.18225384217388785,0.001276552677154541,0.970527708530426
Logistic Regression,Least Confidence,0.6,3,3935,0.5451219512195122,0.1865846431303929,0.0012349486351013184,0.9711951911449432
Logistic Regression,Least Confidence,0.6,4,3935,0.5402439024390244,0.1887086882484256,0.0012524425983428955,0.9558610916137695
Logistic Regression,Least Confidence,0.8,0,5247,0.5371951219512195,0.2060172364134365,0.0010603124445134943,1.3624695431102405
Logistic Regression,Least Confidence,0.8,1,5247,0.5426829268292683,0.18803199125751086,0.001164002852006392,1.3574699055064807
Logistic Regression,Least Confidence,0.8,2,5247,0.5457317073170732,0.18737368637865032,0.00105617263100364,1.3896727128462358
Logistic Regression,Least Confidence,0.8,3,5247,0.5475609756097561,0.19686764698080125,0.000992839986627752,1.363513708114624
Logistic Regression,Least Confidence,0.8,4,5247,0.5365853658536586,0.18459528076004897,0.001050147143277255,1.381267330863259
Logistic Regression,Least Confidence,1.0,0,6559,0.5396341463414634,0.18826070977387632,0.0009458248431865985,1.6309867272010217
Logistic Regression,Least Confidence,1.0,1,6559,0.5396341463414634,0.18826070977387632,0.0009360313415527344,1.6530242149646466
Logistic Regression,Least Confidence,1.0,2,6559,0.5396341463414634,0.18826070977387632,0.0008911719689002404,1.6170905369978685
Logistic Regression,Least Confidence,1.0,3,6559,0.5396341463414634,0.18826070977387632,0.0009558567633995643,1.644026517868042
Logistic Regression,Least Confidence,1.0,4,6559,0.5396341463414634,0.18826070977387632,0.0008844962486853966,1.613438973060021
SVM,Random Sampling,0.2,0,1311,0.5390243902439025,0.1683411518296422,0.0001509984334309896,0.06362295150756836
SVM,Random Sampling,0.2,1,1311,0.5335365853658537,0.15992359047041674,0.00014638900756835938,0.0607908566792806
SVM,Random Sampling,0.2,2,1311,0.5390243902439025,0.16480023149341305,0.0001652240753173828,0.06195354461669922
SVM,Random Sampling,0.2,3,1311,0.5225609756097561,0.1448945714849864,0.00014670689900716147,0.06483078002929688
SVM,Random Sampling,0.2,4,1311,0.5420731707317074,0.1766610498728386,0.00015044212341308594,0.06160426139831543
SVM,Random Sampling,0.4,0,2623,0.5475609756097561,0.1832451121325282,0.00015000502268473306,0.26187217235565186
SVM,Random Sampling,0.4,1,2623,0.5481707317073171,0.18137884811809224,0.00014766057332356772,0.2553780873616536
SVM,Random Sampling,0.4,2,2623,0.5487804878048781,0.1823479781318473,0.00015135606129964194,0.2494999567667643
SVM,Random Sampling,0.4,3,2623,0.5451219512195122,0.17962912163228162,0.00014928976694742838,0.26414020856221515
SVM,Random Sampling,0.4,4,2623,0.5451219512195122,0.17297645579725382,0.00014122327168782553,0.2556360562642415
SVM,Random Sampling,0.6,0,3935,0.5493902439024391,0.1851959539280072,0.00014963746070861816,0.45687779784202576
SVM,Random Sampling,0.6,1,3935,0.551829268292683,0.1868971582878308,0.0001437664031982422,0.4454358220100403
SVM,Random Sampling,0.6,2,3935,0.5445121951219513,0.17537288177142685,0.00014644861221313477,0.4432191252708435
SVM,Random Sampling,0.6,3,3935,0.5487804878048781,0.18810556965430986,0.0001526176929473877,0.4647930860519409
SVM,Random Sampling,0.6,4,3935,0.5469512195121952,0.17734558234788997,0.00013744831085205078,0.45089560747146606
SVM,Random Sampling,0.8,0,5247,0.5463414634146342,0.1767874234550076,0.00014075365933504972,0.8647974187677557
SVM,Random Sampling,0.8,1,5247,0.550609756097561,0.1855060405831495,0.00014378807761452416,0.8510117747566917
SVM,Random Sampling,0.8,2,5247,0.5487804878048781,0.18384313672351238,0.00013930147344415838,0.8481452465057373
SVM,Random Sampling,0.8,3,5247,0.5487804878048781,0.18893663454704265,0.00013878128745339134,0.8857749808918346
SVM,Random Sampling,0.8,4,5247,0.5475609756097561,0.17807088128773751,0.0001418590545654297,0.8648545742034912
SVM,Random Sampling,1.0,0,6559,0.5469512195121952,0.17743192991707504,0.00012920452998234675,1.2143012193533091
SVM,Random Sampling,1.0,1,6559,0.5469512195121952,0.17743192991707504,0.00012766397916353666,1.2048665376809926
SVM,Random Sampling,1.0,2,6559,0.5469512195121952,0.17743192991707504,0.000132138912494366,1.201460361480713
SVM,Random Sampling,1.0,3,6559,0.5469512195121952,0.17743192991707504,0.00013577021085298978,1.2309339229877179
SVM,Random Sampling,1.0,4,6559,0.5469512195121952,0.17743192991707504,0.00012627014747032753,1.220870329783513
SVM,Entropy Sampling,0.2,0,1311,0.5432926829268293,0.18087974644502308,0.1040197213490804,0.061847527821858726
SVM,Entropy Sampling,0.2,1,1311,0.4658536585365854,0.1477399528913289,0.10307868321736653,0.065735658009847
SVM,Entropy Sampling,0.2,2,1311,0.5304878048780488,0.1718774883381568,0.1140001614888509,0.07234072685241699
SVM,Entropy Sampling,0.2,3,1311,0.5347560975609756,0.16044375451663273,0.10361401240030925,0.06216295560201009
SVM,Entropy Sampling,0.2,4,1311,0.5176829268292683,0.14139080220781242,0.10893829663594563,0.07196156183878581
SVM,Entropy Sampling,0.4,0,2623,0.5475609756097561,0.1780586845664217,0.17774697144826254,0.2544015645980835
SVM,Entropy Sampling,0.4,1,2623,0.5396341463414634,0.16167487559807148,0.17708929379781088,0.2635343869527181
SVM,Entropy Sampling,0.4,2,2623,0.5317073170731708,0.1671457788087499,0.18767420450846353,0.2833506266276042
SVM,Entropy Sampling,0.4,3,2623,0.5378048780487805,0.17692864933372457,0.18099069595336914,0.2618176539738973
SVM,Entropy Sampling,0.4,4,2623,0.47865853658536583,0.18703295758947608,0.1926852067311605,0.29505399862925213
SVM,Entropy Sampling,0.6,0,3935,0.5469512195121952,0.1772305998756783,0.20147687196731567,0.4525286853313446
SVM,Entropy Sampling,0.6,1,3935,0.5475609756097561,0.17817854115968887,0.20427444577217102,0.4621114134788513
SVM,Entropy Sampling,0.6,2,3935,0.550609756097561,0.19432233033201637,0.21451672911643982,0.49789658188819885
SVM,Entropy Sampling,0.6,3,3935,0.5481707317073171,0.1787336136674721,0.20678916573524475,0.4716604948043823
SVM,Entropy Sampling,0.6,4,3935,0.5481707317073171,0.17686312864761747,0.21881762146949768,0.5166321992874146
SVM,Entropy Sampling,0.8,0,5247,0.5469512195121952,0.17734558234788997,0.20357504757967862,0.8625918951901522
SVM,Entropy Sampling,0.8,1,5247,0.551219512195122,0.18606419947603187,0.21141386032104492,0.8871793313459917
SVM,Entropy Sampling,0.8,2,5247,0.5469512195121952,0.17734558234788997,0.22080137512900613,0.9316706223921343
SVM,Entropy Sampling,0.8,3,5247,0.5469512195121952,0.17734558234788997,0.21417966755953702,0.9044557267969305
SVM,Entropy Sampling,0.8,4,5247,0.551219512195122,0.18606419947603187,0.2234358787536621,0.9453152526508678
SVM,Entropy Sampling,1.0,0,6559,0.5469512195121952,0.17743192991707504,0.18868189591627854,1.2193499345045824
SVM,Entropy Sampling,1.0,1,6559,0.5469512195121952,0.17743192991707504,0.19390408809368426,1.2256523829240065
SVM,Entropy Sampling,1.0,2,6559,0.5469512195121952,0.17743192991707504,0.2016163422511174,1.2793570115016057
SVM,Entropy Sampling,1.0,3,6559,0.5469512195121952,0.17743192991707504,0.19527473816504845,1.2446946547581599
SVM,Entropy Sampling,1.0,4,6559,0.5469512195121952,0.17743192991707504,0.20423513192396897,1.286629658478957
SVM,Margin Sampling,0.2,0,1311,0.5408536585365854,0.1861659991486525,0.10225351651509602,0.06004786491394043
SVM,Margin Sampling,0.2,1,1311,0.5359756097560976,0.15213450782926272,0.10531012217203777,0.06667065620422363
SVM,Margin Sampling,0.2,2,1311,0.5353658536585366,0.1680127542478619,0.11339600880940755,0.07265059153238933
SVM,Margin Sampling,0.2,3,1311,0.5390243902439025,0.16282293725399882,0.10591983795166016,0.06568622589111328
SVM,Margin Sampling,0.2,4,1311,0.5085365853658537,0.12833074234934208,0.10741861661275227,0.06863005956013997
SVM,Margin Sampling,0.4,0,2623,0.5304878048780488,0.16636856156642882,0.17557617028554282,0.25271956125895184
SVM,Margin Sampling,0.4,1,2623,0.5475609756097561,0.1779910350435232,0.17541702588399252,0.2564968268076579
SVM,Margin Sampling,0.4,2,2623,0.5432926829268293,0.17564270675431562,0.19340129693349203,0.29942063490549725
SVM,Margin Sampling,0.4,3,2623,0.5481707317073171,0.17675963702634873,0.182388703028361,0.27357486883799237
SVM,Margin Sampling,0.4,4,2623,0.4865853658536585,0.15603343766324837,0.19309635957082114,0.3014431794484456
SVM,Margin Sampling,0.6,0,3935,0.5445121951219513,0.16594636309731448,0.19700464606285095,0.4443441331386566
SVM,Margin Sampling,0.6,1,3935,0.552439024390244,0.18772540252178935,0.19837132096290588,0.4487619698047638
SVM,Margin Sampling,0.6,2,3935,0.55,0.18339330187496916,0.21997800469398499,0.5229018330574036
SVM,Margin Sampling,0.6,3,3935,0.5469512195121952,0.1772305998756783,0.2102605402469635,0.48878660798072815
SVM,Margin Sampling,0.6,4,3935,0.5414634146341464,0.164406868570604,0.218092143535614,0.5171246528625488
SVM,Margin Sampling,0.8,0,5247,0.5426829268292683,0.16418206380716807,0.20358220013705167,0.8447374430569735
SVM,Margin Sampling,0.8,1,5247,0.5469512195121952,0.17734558234788997,0.206226262179288,0.8676214001395486
SVM,Margin Sampling,0.8,2,5247,0.5451219512195122,0.1851154153576825,0.22096219929781827,0.9364339221607555
SVM,Margin Sampling,0.8,3,5247,0.5469512195121952,0.17734558234788997,0.2157570015300404,0.9043804082003507
SVM,Margin Sampling,0.8,4,5247,0.5469512195121952,0.17743192991707504,0.2228442538868297,0.942258661443537
SVM,Margin Sampling,1.0,0,6559,0.5469512195121952,0.17743192991707504,0.1853812291071965,1.1858934255746694
SVM,Margin Sampling,1.0,1,6559,0.5469512195121952,0.17743192991707504,0.18938284653883714,1.2187449015103853
SVM,Margin Sampling,1.0,2,6559,0.5469512195121952,0.17743192991707504,0.2027735710144043,1.2803732615250807
SVM,Margin Sampling,1.0,3,6559,0.5469512195121952,0.17743192991707504,0.20026588439941406,1.2603337214543269
SVM,Margin Sampling,1.0,4,6559,0.5469512195121952,0.17743192991707504,0.20331303889934832,1.286976355772752
SVM,Least Confidence,0.2,0,1311,0.5384146341463415,0.18429098324121218,0.10180910428365071,0.06249523162841797
SVM,Least Confidence,0.2,1,1311,0.5420731707317074,0.15982200259938922,0.10299022992451985,0.06625056266784668
SVM,Least Confidence,0.2,2,1311,0.5317073170731708,0.17660943528395295,0.11380585034688313,0.07195782661437988
SVM,Least Confidence,0.2,3,1311,0.5292682926829269,0.1574932978816769,0.10209107398986816,0.06246590614318848
SVM,Least Confidence,0.2,4,1311,0.5152439024390244,0.1372636791585346,0.11080304781595866,0.07532310485839844
SVM,Least Confidence,0.4,0,2623,0.5445121951219513,0.1772575782711787,0.17740197976430258,0.2563059727350871
SVM,Least Confidence,0.4,1,2623,0.5341463414634147,0.153130462692594,0.17635571956634521,0.2598569393157959
SVM,Least Confidence,0.4,2,2623,0.5426829268292683,0.17384088719183144,0.18994081020355225,0.2827663818995158
SVM,Least Confidence,0.4,3,2623,0.5390243902439025,0.16685474303527403,0.17778662840525308,0.2588512102762858
SVM,Least Confidence,0.4,4,2623,0.49634146341463414,0.1676557039543497,0.19300774733225504,0.295831839243571
SVM,Least Confidence,0.6,0,3935,0.5469512195121952,0.18627514237496548,0.19953230023384094,0.4439854621887207
SVM,Least Confidence,0.6,1,3935,0.5481707317073171,0.17900678539364745,0.1983412504196167,0.45162996649742126
SVM,Least Confidence,0.6,2,3935,0.5463414634146342,0.17457113490164952,0.2150450348854065,0.5017518401145935
SVM,Least Confidence,0.6,3,3935,0.5487804878048781,0.17955323337011736,0.20216423273086548,0.45555609464645386
SVM,Least Confidence,0.6,4,3935,0.5463414634146342,0.17774983984388654,0.21830886602401733,0.5105085074901581
SVM,Least Confidence,0.8,0,5247,0.551219512195122,0.18606419947603187,0.20555780150673605,0.8474702835083008
SVM,Least Confidence,0.8,1,5247,0.5469512195121952,0.17734558234788997,0.20256733894348145,0.8468600403178822
SVM,Least Confidence,0.8,2,5247,0.5469512195121952,0.17734558234788997,0.22135920958085495,0.9343984560533003
SVM,Least Confidence,0.8,3,5247,0.551219512195122,0.18606419947603187,0.20786419781771573,0.8801918246529319
SVM,Least Confidence,0.8,4,5247,0.5469512195121952,0.17734558234788997,0.22404688054865057,0.9503647847609087
SVM,Least Confidence,1.0,0,6559,0.5469512195121952,0.17743192991707504,0.18816793881929839,1.2052166278545673
SVM,Least Confidence,1.0,1,6559,0.5469512195121952,0.17743192991707504,0.1871473605816181,1.1952911707071157
SVM,Least Confidence,1.0,2,6559,0.5469512195121952,0.17743192991707504,0.20240449905395508,1.2820376616257887
SVM,Least Confidence,1.0,3,6559,0.5469512195121952,0.17743192991707504,0.19222024770883414,1.2337671426626353
SVM,Least Confidence,1.0,4,6559,0.5469512195121952,0.17743192991707504,0.20491594534653884,1.2917293035067046
